id,level,band,name,host,province,partner,mode,admission_mode,tuition_year,certificates,moe_code,program_type,qs_rank_partner,competitive_level,risk_level,risk_notes,sources,mode_family,degree_type
MOE-SH-16404-上海纽约,L1,S,上海纽约大学,,上海,纽约大学（US）,4+0（可2+2）,综合评价（校园日+高考）,"第一二年 ¥200,000 / 第三四年 ¥230,000",中美双学位,16404,,43,5,none,,教育部涉外监管信息网|各校招生简章,4+0,
MOE-JS-16406-昆山杜克,L1,S,昆山杜克大学,,江苏,杜克大学（US）,4+0（可2+2）,综合评价（校园日+高考+Slate系统）,"¥190,000",中美双学位,16406,,61,5,none,,教育部涉外监管信息网|各校招生简章,4+0,
MOE-GD-16407-香港中文,L1,S,香港中文大学（深圳）,,广东,香港中文大学（HK）,4+0,综合评价 + 高考统招双通道,"¥140,000/学年（2025-2026级）",港中大学位,16407,,38,5,none,,教育部涉外监管信息网|各校招生简章,4+0,
MOE-JS-16302-西交利物,L1,S,西交利物浦大学,,江苏,利物浦大学（UK）,4+0 / 2+2,综合评价 + 高考统招,"¥93,000",中英双学位,16302,,165,4,none,,教育部涉外监管信息网|各校招生简章,4+0,
MOE-ZJ-16301-宁波诺丁,L1,S,宁波诺丁汉大学,,浙江,诺丁汉大学（UK）,4+0 / 2+2,高考统招（部分省三位一体）,"¥110,000（2+2项目赴英学费另计）",中英双学位,16301,,108,3,none,,教育部涉外监管信息网|各校招生简章,4+0,
MOE-ZJ-16405-温州肯恩,L1,S,温州肯恩大学,,浙江,肯恩大学（US）,4+0,高考统招,"¥68,000",中美双学位,16405,,1000,2,none,,教育部涉外监管信息网|各校招生简章,4+0,
MOE-GD-16409-深圳北理,L1,S,深圳北理莫斯科大学,,广东,莫斯科大学（RU）,4+0,综合评价（学校测试 + 高考）,"¥50,000",中俄双学位,16409,,94,3,none,,教育部涉外监管信息网|各校招生简章,4+0,
MOE-GD-16410-广东以色,L1,S,广东以色列理工学院,,广东,以色列理工学院（IL）,4+0,高考统招,"¥105,000",中以双学位,16410,,200,2,none,,教育部涉外监管信息网|各校招生简章,4+0,
MOE-GD-NOCODE-北师香港,L1,S,北师香港浸会大学,,广东,,4+0,高考统招,"¥110,000",双学位,,,,2,none,,教育部涉外监管信息网|各校招生简章,4+0,
MOE-HI-NOCODE-海南比勒,L1,S,海南比勒费尔德应用科学大学,,海南,,4+0,高考统招,"¥80,000/年",双学位,,,,2,none,,教育部涉外监管信息网|各校招生简章,4+0,
MOE-HI-NOCODE-海南洛桑,L1,S,海南洛桑旅游大学,,海南,,4+0,高考统招,待公布,双学位,,,,2,none,,教育部涉外监管信息网|各校招生简章,4+0,
MOE-BJ-NOCODE-长江商,L1,S,长江商学院,,北京,独立法人,全日制,自主招生,52.8-86.8万,硕士学位,,,,5,none,,教育部涉外监管信息网|各校招生简章,其他,
MOE-GD-NOCODE-香港城市,L1,S,香港城市大学（东莞）,,广东,待确认,4+0,高考统招,"¥115,000/学年",双学位,,,,2,none,,教育部涉外监管信息网|各校招生简章,4+0,
MOE-GD-NOCODE-香港科技,L1,S,香港科技大学（广州）,,广东,待确认,4+0,高考统招,"¥50,000–100,000/学年（视专业）",双学位,,,,2,none,,教育部涉外监管信息网|各校招生简章,4+0,
MOE-SH-10248-上海交通,L1,A,上海交通大学（密歇根学院）,,上海,密歇根大学（US）,4+0（可2+2）,高考统招,"¥75,000",交大学位 + 密歇根学位（可选）,10248,,44,5,none,,教育部涉外监管信息网|各校招生简章,4+0,
MOE-JS-10002-中国人民,L1,A,中国人民大学（苏州校区）,,江苏,多所法国高校,4+0（中法学院）,高考统招,"¥60,000",人大毕业证+学位证,10002,,,4,none,,教育部涉外监管信息网|各校招生简章,4+0,
MOE-ZJ-10335-浙江,L1,A,浙江大学（UIUC联合学院）,,浙江,伊利诺伊大学厄巴纳-香槟分校（US）,4+0（可3+1）,高考统招,"¥120,000",浙大学位 + UIUC学位（可选）,10335,,69,5,none,,教育部涉外监管信息网|各校招生简章,4+0,
MOE-SC-10614-电子科技,L1,A,电子科技大学（格拉斯哥学院）,,四川,格拉斯哥大学（UK）,4+0,高考统招,"¥100,000",双学位,10614,,78,4,none,,教育部涉外监管信息网|各校招生简章,4+0,
MOE-BJ-10013-北京邮电,L1,A,北京邮电大学（玛丽女王学院）,,北京,伦敦玛丽女王大学（UK）,4+0,高考统招,"¥80,000",双学位,10013,,120,3,none,,教育部涉外监管信息网|各校招生简章,4+0,
MOE-BJ-10019-中国农业,L1,A,中国农业大学（科罗拉多大学丹佛）,,北京,科罗拉多大学丹佛分校（US）,4+0,高考统招,"¥88,000",双学位,10019,,264,3,none,,教育部涉外监管信息网|各校招生简章,4+0,
MOE-SD-10004-北京交通,L1,A,北京交通大学（威海校区）,,山东,罗切斯特理工学院（US）/ 兰卡斯特大学（UK）,4+0,高考统招,"¥80,000",双学位,10004,,,3,none,,教育部涉外监管信息网|各校招生简章,4+0,
MOE-BJ-NOCODE-北京航空,L1,A,北京航空航天大学中法工程师学院,,北京,"Ecole Centrale de Paris(法国巴黎中央理工大学)；Ecoles Centrale de Lille(里尔中央理工大学)；Ecoles Centrale de Lyon(里昂中央理工大学)； Ecoles Centrale de Nantes,France (南特中央理工大学)",4+0,高考统招,"¥55,000/年",双学位,,,,2,none,,教育部涉外监管信息网|各校招生简章,4+0,
MOE-SH-NOCODE-同济,L1,A,同济大学中德工程学院,,上海,Fachhochschule Aachen（德国亚琛应用科技大学）； Hochschule Aalen（德国阿伦应用科技大学）； Hochschule Aschaffenburg（德国阿沙芬应用科技大学）； Beuth Hochschule für Technik Berlin（德国柏林工程应用科技大学）； Hochschule für Technik und Wirtschaft Berlin（,4+0,高考统招,"¥21,000/年",双学位,,,,2,none,,教育部涉外监管信息网|各校招生简章,4+0,
MOE-SH-NOCODE-上海交通,L1,A,上海交通大学交大密西根联合学院,,上海,"University of Michigan, USA（美国密西根大学）",4+0,高考统招,"¥98,000/年（2026年起，含浦江国际学院）",双学位,,,,2,none,,教育部涉外监管信息网|各校招生简章,4+0,
MOE-SH-NOCODE-上海交通-2,L1,A,上海交通大学巴黎卓越工程师学院,,上海,"Institut Polytechnique de Paris ,France(巴黎综合理工大学); UniversitéParis Sciences et Lettres ,France(巴黎文理研究大学)。",4+0,高考统招,"¥65,000/年",双学位,,,,2,none,,教育部涉外监管信息网|各校招生简章,4+0,
MOE-SH-NOCODE-上海交通-3,L1,A,上海交通大学张江国际理工学院,,上海,"Nanyang Technological University, Singapore（新加坡南洋理工大学等）",4+0,高考统招,"¥98,000/年（与南洋理工大学合作）",双学位,,,,2,none,,教育部涉外监管信息网|各校招生简章,4+0,
MOE-TJ-NOCODE-天津城建,L1,A,天津城建大学国际工程学院,,天津,"Bialystok University of Technology, Poland（波兰比亚威斯托克工业大学）; Cracow University of Technology, Poland（波兰克拉科夫工业大学）",4+0,高考统招,"¥48,000/年（国内阶段，赴波兰另计）",双学位,,,,2,none,,教育部涉外监管信息网|各校招生简章,4+0,
MOE-TJ-NOCODE-天津理工,L1,A,天津理工大学伯恩茅斯学院,,天津,"Bournemouth University, UK（英国伯恩茅斯大学）",4+0,高考统招,"¥80,000/年（2026新批，含数据科学/环境科学/机械工程/产品设计）",双学位,,,,2,none,,教育部涉外监管信息网|各校招生简章,4+0,
MOE-CQ-NOCODE-重庆工商,L1,A,重庆工商大学现代国际设计艺术学院,,重庆,"University of Social Science and Humanities in Warsaw, Poland（波兰华沙人文社科大学）",4+0,高考统招,"¥35,000/年",双学位,,,,2,none,,教育部涉外监管信息网|各校招生简章,4+0,
MOE-CQ-NOCODE-重庆工商-2,L1,A,重庆工商大学国际商学院,,重庆,"Widener University, USA",4+0,高考统招,"¥30,000/年（2+2项目国内阶段）",双学位,,,,2,none,,教育部涉外监管信息网|各校招生简章,4+0,
MOE-CQ-NOCODE-重庆医科,L1,A,重庆医科大学莱斯特大学联合学院,,重庆,"University of Leicester, UK（英国莱斯特大学）",4+0,高考统招,"¥77,000/年（临床医学），¥72,000/年（精神医学/康复治疗学）",双学位,,,,2,none,,教育部涉外监管信息网|各校招生简章,4+0,
MOE-CQ-NOCODE-重庆邮电,L1,A,重庆邮电大学远东联邦大学联合学院,,重庆,"Дальневосточный федеральный университет, РФ（俄罗斯远东联邦大学）",4+0,高考统招,"¥50,000/年（物联网工程）",双学位,,,,2,none,,教育部涉外监管信息网|各校招生简章,4+0,
MOE-CQ-NOCODE-重庆师范,L1,A,重庆师范大学重庆柴可夫斯基音乐学院,,重庆,"Московская государственная консерватория имени П.И. Чайковского, РФ（俄罗斯莫斯科柴柯夫斯基国立音乐学院）",4+0,高考统招,"¥60,000/年（音乐表演/音乐学）",双学位,,,,2,none,,教育部涉外监管信息网|各校招生简章,4+0,
MOE-CQ-NOCODE-重庆工商-3,L1,A,重庆工商大学赫尔学院,,重庆,"University of Hull, UK（英国赫尔大学）",4+0,高考统招,"¥56,000/年（本科市场营销/财务管理/物流管理）",双学位,,,,2,none,,教育部涉外监管信息网|各校招生简章,4+0,
MOE-CQ-NOCODE-四川外国,L1,A,四川外国语大学曼城联合学院,,重庆,"Manchester Metropolitan University, UK（英国曼彻斯特城市大学）",4+0,高考统招,待公布（2027年首批招生）,双学位,,,,2,none,,教育部涉外监管信息网|各校招生简章,4+0,
MOE-JS-NOCODE-中国人民,L1,A,中国人民大学中法学院,,江苏,"Université Sorbonne, France（法国索邦大学）；Université de Montpellier Paul-Valéry（蒙彼利埃保罗—瓦莱里大学）；Kedge Business School, France（法国Kedge商学院））",4+0,高考统招,"¥70,000/学年",双学位,,,,2,none,,教育部涉外监管信息网|各校招生简章,4+0,
MOE-JS-NOCODE-南京理工,L1,A,南京理工大学中法工程师学院,,江苏,"National Engineering School of Metz, France（法国梅斯国立工程师学院）",4+0,高考统招,"¥34,000/年",双学位,,,,2,none,,教育部涉外监管信息网|各校招生简章,4+0,
MOE-JS-NOCODE-南京信息,L1,A,南京信息工程大学雷丁学院,,江苏,雷丁大学（UK）,4+0,高考统招,"¥57,000/学年",双学位,,,,2,none,,教育部涉外监管信息网|各校招生简章,4+0,
MOE-JS-NOCODE-南京邮电,L1,A,南京邮电大学波特兰学院,,江苏,"Portland State University, USA（美国波特兰州立大学）",4+0,高考统招,"¥57,000/年（国内阶段，通信工程/电子科学与技术）",双学位,,,,2,none,,教育部涉外监管信息网|各校招生简章,4+0,
MOE-JS-NOCODE-南京农业,L1,A,南京农业大学密西根学院,,江苏,"Michigan State University, USA（美国密西根州立大学）",4+0,高考统招,"¥60,000/年",双学位,,,,2,none,,教育部涉外监管信息网|各校招生简章,4+0,
MOE-JS-NOCODE-南京审计,L1,A,南京审计大学国际联合审计学院,,江苏,"SKEMA Business School, France （法国SKEMA商学院）",4+0,高考统招,"¥56,000/年",双学位,,,,2,none,,教育部涉外监管信息网|各校招生简章,4+0,
MOE-JS-NOCODE-南京财经,L1,A,南京财经大学梅西学院,,江苏,"Massey University, New Zealand（新西兰梅西大学）",4+0,高考统招,"¥57,000/年",双学位,,,,2,none,,教育部涉外监管信息网|各校招生简章,4+0,
MOE-JS-NOCODE-南京,L1,A,南京大学南京赫尔辛基大气与地球系统科学学院,,江苏,"University of Helsinki, Finland（芬兰赫尔辛基大学）",4+0,高考统招,"¥75,000/年",双学位,,,,2,none,,教育部涉外监管信息网|各校招生简章,4+0,
MOE-JS-NOCODE-南京信息-2,L1,A,南京信息工程大学沃特福德学院,,江苏,South East Technological University（爱尔兰东南理工大学）,4+0,高考统招,"¥54,000/年",双学位,,,,2,none,,教育部涉外监管信息网|各校招生简章,4+0,
MOE-JS-NOCODE-南京工程,L1,A,南京工程学院奥卢学院,,江苏,"University of Oulu, Finland（芬兰奥卢大学）",4+0,高考统招,"¥51,000/年",双学位,,,,2,none,,教育部涉外监管信息网|各校招生简章,4+0,
MOE-JS-NOCODE-南京工业,L1,A,南京工业职业技术大学伦敦南岸大学联合学院,,江苏,"London South Bank University, UK（英国伦敦南岸大学）",4+0,高考统招,"¥49,000/年",双学位,,,,2,none,,教育部涉外监管信息网|各校招生简章,4+0,
MOE-JS-NOCODE-南京师范,L1,A,南京师范大学麦考瑞大学联合学院,,江苏,"Macquarie University, Australia（澳大利亚麦考瑞大学）",4+0,高考统招,"¥62,000/年",双学位,,,,2,none,,教育部涉外监管信息网|各校招生简章,4+0,
MOE-JS-NOCODE-南京工业-2,L1,A,南京工业大学斯旺西大学联合学院,,江苏,"Swansea University, UK（英国斯旺西大学）",4+0,高考统招,"¥60,000/年",双学位,,,,2,none,,教育部涉外监管信息网|各校招生简章,4+0,
MOE-JS-NOCODE-南京航空,L1,A,南京航空航天大学伦敦国际学院,,江苏,"Birkbeck, University of London, UK（英国伦敦大学伯贝克学院）",4+0,高考统招,"¥65,000/年",双学位,,,,2,none,,教育部涉外监管信息网|各校招生简章,4+0,
MOE-JS-NOCODE-南京林业,L1,A,南京林业大学智林国际学院,,江苏,Universiti Kebangsaan Malaysia（马来西亚国立大学）,4+0,高考统招,见招生简章,双学位,,,,2,none,,教育部涉外监管信息网|各校招生简章,4+0,
MOE-JS-NOCODE-南京邮电-2,L1,A,南京邮电大学欧洲塞浦路斯学院,,江苏,European University Cyprus（塞浦路斯欧洲大学）,4+0,高考统招,见招生简章,双学位,,,,2,none,,教育部涉外监管信息网|各校招生简章,4+0,
MOE-JS-NOCODE-南京中医,L1,A,南京中医药大学奥塔哥智慧健康学院,,江苏,"University of Otago, New Zealand（新西兰奥塔哥大学）",4+0,高考统招,见招生简章,双学位,,,,2,none,,教育部涉外监管信息网|各校招生简章,4+0,
MOE-JS-NOCODE-南京特殊,L1,A,南京特殊教育师范学院佩奇数智康复学院,,江苏,"University of Pécs, Hungary（匈牙利佩奇大学）",4+0,高考统招,见招生简章,双学位,,,,2,none,,教育部涉外监管信息网|各校招生简章,4+0,
MOE-JS-NOCODE-南京传媒,L1,A,南京传媒学院东安格利亚数字创意学院,,江苏,"University of East Anglia, UK（英国东安格利亚大学）",4+0,高考统招,见招生简章,双学位,,,,2,none,,教育部涉外监管信息网|各校招生简章,4+0,
MOE-JS-NOCODE-南京财经-2,L1,A,南京财经大学都柏林学院,,江苏,都柏林大学（IE）,4+0,高考统招,见招生简章,双学位,,,,2,none,,教育部涉外监管信息网|各校招生简章,4+0,
MOE-JS-NOCODE-南京审计-2,L1,A,南京审计大学金审学院国际智慧康养学院,,江苏,"세한대학교，Sehan University, Korea（韩国世翰大学）",4+0,高考统招,见招生简章,双学位,,,,2,none,,教育部涉外监管信息网|各校招生简章,4+0,
MOE-JS-NOCODE-南京艺术,L1,A,南京艺术学院伯恩茅斯国际艺术学院,,江苏,"Arts University Bournemouth, UK （英国伯恩茅斯艺术大学）",4+0,高考统招,见招生简章,双学位,,,,2,none,,教育部涉外监管信息网|各校招生简章,4+0,
MOE-ZJ-NOCODE-浙江,L1,A,浙江大学爱丁堡大学联合学院,,浙江,爱丁堡大学（UK）,4+0,高考统招,"¥160,000/年（海宁国际校区）",双学位,,,,2,none,,教育部涉外监管信息网|各校招生简章,4+0,
MOE-ZJ-NOCODE-浙江-2,L1,A,浙江大学伊利诺伊大学厄巴纳香槟校区联合学院,,浙江,伊利诺伊大学（US）,4+0,高考统招,"¥160,000/年（海宁国际校区）",双学位,,,,2,none,,教育部涉外监管信息网|各校招生简章,4+0,
MOE-ZJ-NOCODE-杭州电子,L1,A,杭州电子科技大学圣光机联合学院,,浙江,"Saint Petersburg National Research University of Information Technologies, Mechanics and Optics, Russia（俄罗斯圣彼得堡国立研究型信息技术机械与光学大学）",4+0,高考统招,"¥36,000/年（计算机/自动化，中俄合作4+0）",双学位,,,,2,none,,教育部涉外监管信息网|各校招生简章,4+0,
MOE-ZJ-NOCODE-北京航空,L1,A,北京航空航天大学中法航空学院,,浙江,"Ecole Nationale de l’Aviation Civile, France（法国国立民航大学）",4+0,高考统招,"¥40,000/年",双学位,,,,2,none,,教育部涉外监管信息网|各校招生简章,4+0,
MOE-ZJ-NOCODE-北京航空-2,L1,A,北京航空航天大学中法未来科技学院,,浙江,"Institut National des Sciences Appliquées (INSA), Français（法国国立应用科学学院） INSA Lyon（INSA 里昂） INSA Toulouse（INSA 图卢兹） INSA Rouen（INSA 鲁昂） INSA Hauts-de-France（INSA 上法兰西）",4+0,高考统招,"¥50,000/年（杭州校区，本硕贯通6年弹性学制）",双学位,,,,2,none,,教育部涉外监管信息网|各校招生简章,4+0,
MOE-ZJ-NOCODE-北京航空-3,L1,A,北京航空航天大学中西智能学院,,浙江,"Universitat Politècnica de València, Spain（西班牙瓦伦西亚理工大学）",4+0,高考统招,见招生简章,双学位,,,,2,none,,教育部涉外监管信息网|各校招生简章,4+0,
MOE-ZJ-NOCODE-杭州电子-2,L1,A,杭州电子科技大学都柏林电子信息工程国际学院,,浙江,都柏林大学（IE）,4+0,高考统招,见招生简章,双学位,,,,2,none,,教育部涉外监管信息网|各校招生简章,4+0,
MOE-ZJ-NOCODE-北京理工,L1,A,北京理工大学北理都灵理工学院,,浙江,"Politecnico di Torino, Italia（意大利都灵理工大学）",4+0,高考统招,"¥50,000-70,000/年（2026新批，与意大利都灵理工合作）",双学位,,,,2,none,,教育部涉外监管信息网|各校招生简章,4+0,
MOE-GD-NOCODE-中山,L1,A,中山大学中法核工程与技术学院,,广东,"L’Institut Polytechnique de Grenoble, France(法国格勒诺布尔国立综合理工学院)； L’Ecole Nationale Superieure Mines—Telecom Atlantique Bretagne Pays de La Loire, France (法国大西洋国立高等矿业电信学院 )； L’Ecole nationale superieure",4+0,高考统招,"¥45,000/年（2026级起，2028级调整为¥65,000）",双学位,,,,2,none,,教育部涉外监管信息网|各校招生简章,4+0,
MOE-GD-NOCODE-中山-2,L1,A,中山大学-卡内基梅隆大学联合工程学院,,广东,"Carnegie Mellon University, USA（美国卡内基梅隆大学）",4+0,高考统招,见招生简章,双学位,,,,2,none,,教育部涉外监管信息网|各校招生简章,4+0,
MOE-GD-NOCODE-哈尔滨工,L1,A,哈尔滨工业大学深圳国际设计学院,,广东,"Zurich University of the Arts, Switzerland（瑞士苏黎世艺术大学）",4+0,高考统招,"¥100,000/年",双学位,,,,2,none,,教育部涉外监管信息网|各校招生简章,4+0,
MOE-GD-NOCODE-北京理工,L1,A,北京理工大学北理鲍曼联合学院,,广东,"俄文：Московский государственный технический университет им. H.Э. Баумана, Россия 英文：Bauman Moscow State Technical University, Russia（俄罗斯莫斯科国立鲍曼技术大学）",4+0,高考统招,"¥55,000/年",双学位,,,,2,none,,教育部涉外监管信息网|各校招生简章,4+0,
MOE-GD-NOCODE-天津,L1,A,天津大学香港理工大学深圳未来技术学院,,广东,,4+0,高考统招,见招生简章,双学位,,,,2,none,,教育部涉外监管信息网|各校招生简章,4+0,
MOE-HI-NOCODE-电子科技,L1,A,电子科技大学格拉斯哥海南学院,,海南,"University of Glasgow, UK （英国格拉斯哥大学）",4+0,高考统招,见招生简章,双学位,,,,2,none,,教育部涉外监管信息网|各校招生简章,4+0,
MOE-HI-NOCODE-中央民族,L1,A,中央民族大学密德萨斯学院,,海南,"Middlesex University London, UK （英国密德萨斯大学）",4+0,高考统招,见招生简章,双学位,,,,2,none,,教育部涉外监管信息网|各校招生简章,4+0,
MOE-HI-NOCODE-天津,L1,A,天津大学雷丁大学亨利国际学院,,海南,雷丁大学（UK）,4+0,高考统招,见招生简章,双学位,,,,2,none,,教育部涉外监管信息网|各校招生简章,4+0,
MOE-FJ-NOCODE-厦门,L1,A,厦门大学创意与创新学院,,福建,"University for the Creative Arts, UK（英国创意艺术大学）",4+0,高考统招,"¥90,000/年",双学位,,,,2,none,,教育部涉外监管信息网|各校招生简章,4+0,
MOE-SD-NOCODE-山东工商,L1,A,山东工商学院国际商学院,,山东,"Murray State University, USA（美国莫瑞州立大学）",4+0,高考统招,见招生简章,双学位,,,,2,none,,教育部涉外监管信息网|各校招生简章,4+0,
MOE-SD-NOCODE-山东农业,L1,A,山东农业大学国际交流学院,,山东,University of Applied Sciences for Economy and Management in Essen ，Germany （德国埃森经济管理应用技术大学）,4+0,高考统招,见招生简章,双学位,,,,2,none,,教育部涉外监管信息网|各校招生简章,4+0,
MOE-SD-NOCODE-山东交通,L1,A,山东交通学院顿河学院,,山东,"Don State Technical University, Russia（俄罗斯顿河国立技术大学）",4+0,高考统招,见招生简章,双学位,,,,2,none,,教育部涉外监管信息网|各校招生简章,4+0,
MOE-SD-NOCODE-山东,L1,A,山东大学澳国立联合理学院,,山东,"Australian National University, Australia（澳大利亚国立大学）",4+0,高考统招,"¥45,000/年",双学位,,,,2,none,,教育部涉外监管信息网|各校招生简章,4+0,
MOE-SD-NOCODE-中国海洋,L1,A,中国海洋大学海德学院,,山东,Adelaide University（AU）（澳大利亚阿德莱德大学）,4+0,高考统招,"¥60,000/年",双学位,,,,2,none,,教育部涉外监管信息网|各校招生简章,4+0,
MOE-SD-NOCODE-山东中医,L1,A,山东中医药大学国际眼科与视光医学院,,山东,"Pacific University, Oregon, USA （美国俄勒冈太平洋大学）",4+0,高考统招,见招生简章,双学位,,,,2,none,,教育部涉外监管信息网|各校招生简章,4+0,
MOE-SD-NOCODE-山东科技,L1,A,山东科技大学斯威本学院,,山东,"Swinburne University of Technology, Australia（澳大利亚斯威本科技大学）",4+0,高考统招,见招生简章,双学位,,,,2,none,,教育部涉外监管信息网|各校招生简章,4+0,
MOE-SD-NOCODE-山东师范,L1,A,山东师范大学赫尔岑国际艺术学院,,山东,俄文：Российский государственный педагогический университет им. А. И. Герцена 英文：The Herzen State Pedagogical University of Russia（俄罗斯赫尔岑国立师范大学）,4+0,高考统招,见招生简章,双学位,,,,2,none,,教育部涉外监管信息网|各校招生简章,4+0,
MOE-SD-NOCODE-山东-2,L1,A,山东大学怀卡托国际商学院,,山东,"The University of Waikato, New Zealand（新西兰怀卡托大学）",4+0,高考统招,见招生简章,双学位,,,,2,none,,教育部涉外监管信息网|各校招生简章,4+0,
MOE-SD-NOCODE-山东建筑,L1,A,山东建筑大学萨拉曼卡学院,,山东,"Universidad de Salamanca, España（西班牙萨拉曼卡大学）",4+0,高考统招,见招生简章,双学位,,,,2,none,,教育部涉外监管信息网|各校招生简章,4+0,
MOE-SD-NOCODE-山东女子,L1,A,山东女子学院明斯克学院,,山东,"Белорусский государственный университет информатики и радиоэлектроники, Беларусь（白俄罗斯国立信息和无线电电子大学）",4+0,高考统招,见招生简章,双学位,,,,2,none,,教育部涉外监管信息网|各校招生简章,4+0,
MOE-SD-NOCODE-山东科技-2,L1,A,山东科技大学巴里学院,,山东,"Polytechnic University of Bari, Italy（意大利巴里理工大学）",4+0,高考统招,见招生简章,双学位,,,,2,none,,教育部涉外监管信息网|各校招生简章,4+0,
MOE-SD-NOCODE-山东理工,L1,A,山东理工大学中意未来智能工程学院,,山东,"University of Naples Parthenope, Italy（意大利那不勒斯帕特诺普大学）",4+0,高考统招,见招生简章,双学位,,,,2,none,,教育部涉外监管信息网|各校招生简章,4+0,
MOE-SD-NOCODE-山东艺术,L1,A,山东艺术学院国际艺术设计学院,,山东,"Accademia Italiana, AI, Italia（意大利设计学院）；Istituto d'Arte Applicata e Design (IAAD), Italia（意大利艺术、时尚与设计学院）",4+0,高考统招,见招生简章,双学位,,,,2,none,,教育部涉外监管信息网|各校招生简章,4+0,
MOE-SD-NOCODE-山东青年,L1,A,山东青年政治学院大西洋欧洲数字文化学院,,山东,"Universidad Europea del Atlántico, España（西班牙大西洋欧洲大学）",4+0,高考统招,见招生简章,双学位,,,,2,none,,教育部涉外监管信息网|各校招生简章,4+0,
MOE-SD-NOCODE-山东管理,L1,A,山东管理学院伯克利国际数字金融与创新学院,,山东,"Berkeley College, USA（美国伯克利学院）",4+0,高考统招,见招生简章,双学位,,,,2,none,,教育部涉外监管信息网|各校招生简章,4+0,
MOE-SC-NOCODE-四川,L1,A,四川大学-匹兹堡学院,,四川,匹兹堡大学（US）,4+0,高考统招,"¥85,000/年",双学位,,,,2,none,,教育部涉外监管信息网|各校招生简章,4+0,
MOE-SC-NOCODE-电子科技,L1,A,电子科技大学格拉斯哥学院,,四川,"University of Glasgow, UK（英国格拉斯哥大学）",4+0,高考统招,"¥100,000/年",双学位,,,,2,none,,教育部涉外监管信息网|各校招生简章,4+0,
MOE-SC-NOCODE-四川农业,L1,A,四川农业大学帕特雷学院,,四川,"University of Patras, Greece（希腊帕特雷大学）",4+0,高考统招,见招生简章,双学位,,,,2,none,,教育部涉外监管信息网|各校招生简章,4+0,
MOE-SC-NOCODE-四川轻化,L1,A,四川轻化工大学切斯特学院,,四川,"University of Chester, UK（英国切斯特大学）",4+0,高考统招,见招生简章,双学位,,,,2,none,,教育部涉外监管信息网|各校招生简章,4+0,
MOE-SC-NOCODE-四川传媒,L1,A,四川传媒学院纽约电影学院,,四川,"New York Film Academy, USA（美国纽约电影学院）",4+0,高考统招,见招生简章,双学位,,,,2,none,,教育部涉外监管信息网|各校招生简章,4+0,
MOE-SC-NOCODE-四川-2,L1,A,四川大学奥克兰学院,,四川,"The University of Auckland, New Zealand（新西兰奥克兰大学）",4+0,高考统招,见招生简章,双学位,,,,2,none,,教育部涉外监管信息网|各校招生简章,4+0,
MOE-SC-NOCODE-四川师范,L1,A,四川师范大学伯明翰学院,,四川,"University College Birmingham, UK（英国伯明翰大学学院）",4+0,高考统招,见招生简章,双学位,,,,2,none,,教育部涉外监管信息网|各校招生简章,4+0,
MOE-HE-NOCODE-东北,L1,A,东北大学悉尼智能科技学院,,河北,"University of Technology Sydney, Australia（澳大利亚悉尼科技大学）",4+0（可3+1）,高考统招,"¥60,000/年",双学位,,,,2,none,,教育部涉外监管信息网|各校招生简章,4+0,
MOE-HB-NOCODE-中南财经,L1,A,中南财经政法大学罗马一大法与经济学院,,湖北,"Sapienza Università di Roma, Italia（意大利罗马第一大学）",4+0,高考统招,见招生简章,双学位,,,,2,none,,教育部涉外监管信息网|各校招生简章,4+0,
MOE-HB-NOCODE-武汉,L1,A,武汉大学杜伦大学联合学院,,湖北,"University of Durham, UK（英国杜伦大学）",4+0,高考统招,"¥25,000/年",双学位,,,,2,none,,教育部涉外监管信息网|各校招生简章,4+0,
MOE-HB-NOCODE-中南财经-2,L1,A,中南财经政法大学澳门城市大学人工智能与数据工程学院,,湖北,,4+0,高考统招,见招生简章,双学位,,,,2,none,,教育部涉外监管信息网|各校招生简章,4+0,
MOE-HN-NOCODE-中南林业,L1,A,中南林业科技大学班戈学院,,湖南,"Bangor University, UK（英国班戈大学）",4+0,高考统招,见招生简章,双学位,,,,2,none,,教育部涉外监管信息网|各校招生简章,4+0,
MOE-HN-NOCODE-中南,L1,A,中南大学邓迪国际学院,,湖南,"University of Dundee, UK（英国邓迪大学）",4+0,高考统招,"¥69,000/年",双学位,,,,2,none,,教育部涉外监管信息网|各校招生简章,4+0,
MOE-SN-NOCODE-西北工业,L1,A,西北工业大学伦敦玛丽女王大学工程学院,,陕西,伦敦玛丽女王大学（UK）,4+0,高考统招,"¥70,000/年",双学位,,,,2,none,,教育部涉外监管信息网|各校招生简章,4+0,
MOE-SN-NOCODE-西安交通,L1,A,西安交通大学米兰理工联合学院,,陕西,"Politecnico di Milano, Italia（意大利米兰理工大学）",4+0,高考统招,"¥90,000/年",双学位,,,,2,none,,教育部涉外监管信息网|各校招生简章,4+0,
MOE-SN-NOCODE-西北工业-2,L1,A,西北工业大学莫航学院,,陕西,"Московский авиационный институт (национальный исследовательский университет), РФ（俄罗斯莫斯科航空学院（国家研究型大学））",4+0,高考统招,见招生简章,双学位,,,,2,none,,教育部涉外监管信息网|各校招生简章,4+0,
MOE-HL-NOCODE-哈尔滨工,L1,A,哈尔滨工业大学圣大联合学院,,黑龙江,"Санкт-Петербургский государственный университет, РФ（俄罗斯圣彼得堡国立大学）",4+0,高考统招,"¥50,000/年",双学位,,,,2,none,,教育部涉外监管信息网|各校招生简章,4+0,
MOE-HL-NOCODE-哈尔滨工-2,L1,A,哈尔滨工业大学里昂数据科学学院,,黑龙江,"EM Lyon Business School, France（法国里昂商业管理学院）",4+0,高考统招,见招生简章,双学位,,,,2,none,,教育部涉外监管信息网|各校招生简章,4+0,
MOE-LN-NOCODE-东北,L1,A,东北大学中荷生物医学与信息工程学院,,辽宁,Eindhoven University of Technology （荷兰埃因霍温科技大学）,4+0,高考统招,见招生简章,双学位,,,,2,none,,教育部涉外监管信息网|各校招生简章,4+0,
MOE-LN-NOCODE-大连理工,L1,A,大连理工大学-立命馆大学国际信息与软件学院,,辽宁,"Ritsumeikan University, Japan（日本立命馆大学）",4+0,高考统招,见招生简章,双学位,,,,2,none,,教育部涉外监管信息网|各校招生简章,4+0,
MOE-LN-NOCODE-大连理工-2,L1,A,大连理工大学白俄罗斯国立大学联合学院,,辽宁,Belarusian State University （白俄罗斯国立大学）,4+0,高考统招,见招生简章,双学位,,,,2,none,,教育部涉外监管信息网|各校招生简章,4+0,
MOE-LN-NOCODE-大连理工-3,L1,A,大连理工大学莱斯特国际学院,,辽宁,"University of Leicester, UK （英国莱斯特大学）",4+0,高考统招,"¥68,000/年",双学位,,,,2,none,,教育部涉外监管信息网|各校招生简章,4+0,
MOE-LN-NOCODE-大连理工-4,L1,A,大连理工大学昆士兰科技国际工学院,,辽宁,"Queensland University of Technology, Australia（澳大利亚昆士兰科技大学）",4+0,高考统招,见招生简章,双学位,,,,2,none,,教育部涉外监管信息网|各校招生简章,4+0,
MOE-JL-NOCODE-吉林体育,L1,A,吉林体育学院国际体育健康学院,,吉林,"Смоленский государственный университет спорта, РФ（俄罗斯斯摩棱斯克国立体育大学）",4+0,高考统招,见招生简章,双学位,,,,2,none,,教育部涉外监管信息网|各校招生简章,4+0,
MOE-GX-NOCODE-桂林电子,L1,A,桂林电子科技大学克莱蒙智能金融学院,,广西,"ESC Clermont Business School, France（法国克莱蒙高等商学院）",4+0,高考统招,见招生简章,双学位,,,,2,none,,教育部涉外监管信息网|各校招生简章,4+0,
MOE-GS-NOCODE-兰州,L1,A,兰州大学威尔士学院,,甘肃,"University of Wales Trinity Saint David, UK（英国威尔士三一圣大卫大学）",4+0,高考统招,见招生简章,双学位,,,,2,none,,教育部涉外监管信息网|各校招生简章,4+0,
MOE-FJ-pending-天津,L1,A,天津大学利物浦福州联合学院,,福建,利物浦大学（UK）/ University of Liverpool,4+0,纳入国家普通高等学校招生计划,待公布,中英双学位,pending,,176,4,none,,教育部涉外监管信息网|各校招生简章,4+0,
MOE-BJ-10019-中国农业-2,L1,A,中国农业大学萨里大学联合学院,,北京,萨里大学（UK）/ University of Surrey,4+0,纳入国家普通高等学校招生计划,"¥110,000/年（国内阶段，赴英另计）",中英双学位,10019,,244,4,none,,教育部涉外监管信息网|各校招生简章,4+0,
MOE-HB-10486-武汉,L1,A,武汉大学奥克兰联合学院,,湖北,奥克兰大学（NZ）/ University of Auckland,4+0,纳入国家普通高等学校招生计划,待公布,中新双学位,10486,,65,4,none,,教育部涉外监管信息网|各校招生简章,4+0,
MOE-SH-NOCODE-上海交通-4,L1,A,上海交通大学（中欧国际工商学院）,,上海,欧盟（CEIBS）,全日制/非全日制,自主招生,46.8万,硕士学位,,,,5,none,,教育部涉外监管信息网|各校招生简章,其他,
MOE-BJ-NOCODE-中国科,L1,A,中国科学院大学（中丹学院）,,北京,丹麦多所大学,全日制,高考统招/推免,0.8-1万,双学位/双证,,,,4,none,,教育部涉外监管信息网|各校招生简章,其他,
MOE-BJ-NOCODE-中国政法,L1,A,中国政法大学（中欧法学院）,,北京,欧盟多所大学,全日制,考研统招,5-8万,双硕士学位,,,,4,none,,教育部涉外监管信息网|各校招生简章,其他,
MOE-HB-NOCODE-华中科技,L1,A,华中科技大学（中欧清洁与可再生能源学院）,,湖北,欧盟多所大学,全日制,推免/考研统招,4万,双硕士学位,,,,4,none,,教育部涉外监管信息网|各校招生简章,其他,
MOE-SH-NOCODE-同济-2,L1,A,同济大学（中德学院）,,上海,德国多所大学,全日制,考研统招/推免,2万,双硕士学位,,,,4,none,,教育部涉外监管信息网|各校招生简章,其他,
MOE-SH-NOCODE-同济-3,L1,A,同济大学（上海国际设计创新学院）,,上海,芬兰阿尔托大学,全日制,考研统招/推免,6万,双硕士学位,,,113,4,none,,教育部涉外监管信息网|各校招生简章,其他,
MOE-JS-NOCODE-东南,L1,A,东南大学（蒙纳士大学国际学院）,,江苏,澳大利亚蒙纳士大学,全日制,高考统招/考研统招,6万,双学位,,,37,4,none,,教育部涉外监管信息网|各校招生简章,其他,
MOE-GD-NOCODE-华南理工,L1,A,华南理工大学（都灵理工大学未来人居学院）,,广东,意大利都灵理工大学,全日制,考研统招,6万,双学位,,,252,4,none,,教育部涉外监管信息网|各校招生简章,其他,
MOE-BJ-NOCODE-中国农业,L1,A,中国农业大学（巴西圣保罗大学联合学院）,,北京,巴西圣保罗大学,全日制,考研统招,6万,双学位,,,85,3,none,,教育部涉外监管信息网|各校招生简章,其他,
MOE-SH-NOCODE-上海交通-5,L1,A,上海交通大学（国际农业与生态学院）,,上海,以色列耶路撒冷希伯来大学,全日制,考研统招,8万,双学位,,,251,4,none,,教育部涉外监管信息网|各校招生简章,其他,
MOE-GD-NOCODE-哈尔滨工-2,L1,A,哈尔滨工业大学（香港理工大学深圳国际设计学院）,,广东,香港理工大学,全日制,考研统招/推免,10万,双学位,,,57,4,none,,教育部涉外监管信息网|各校招生简章,其他,
MOE-SH-NOCODE-上海交通-6,L1,A,上海交通大学中欧国际工商学院,,上海,待确认,,,见招生简章,双学位,,,,,none,,教育部涉外监管信息网|各校招生简章,其他,
MOE-SH-NOCODE-上海交通-7,L1,A,上海交通大学国际农业与生态学院,,上海,待确认,,,见招生简章,双学位,,,,,none,,教育部涉外监管信息网|各校招生简章,其他,
MOE-JS-NOCODE-东南-2,L1,A,东南大学-蒙纳士大学国际学院（苏州）,,江苏,待确认,,,见招生简章,双学位,,,,,none,,教育部涉外监管信息网|各校招生简章,其他,
MOE-BJ-NOCODE-中国农业-2,L1,A,中国农业大学巴西圣保罗大学联合学院,,北京,待确认,,,见招生简章,双学位,,,,,none,,教育部涉外监管信息网|各校招生简章,其他,
MOE-BJ-NOCODE-中国政法-2,L1,A,中国政法大学中欧法学院,,北京,待确认,,,见招生简章,双学位,,,,,none,,教育部涉外监管信息网|各校招生简章,其他,
MOE-BJ-NOCODE-中国科-2,L1,A,中国科学院大学中丹学院,,北京,待确认,,,见招生简章,双学位,,,,,none,,教育部涉外监管信息网|各校招生简章,其他,
MOE-HB-NOCODE-华中科技-2,L1,A,华中科技大学中欧清洁与可再生能源学院,,湖北,待确认,,,见招生简章,双学位,,,,,none,,教育部涉外监管信息网|各校招生简章,其他,
MOE-GD-NOCODE-华南理工-2,L1,A,华南理工大学都灵理工大学未来人居学院,,广东,待确认,,,见招生简章,双学位,,,,,none,,教育部涉外监管信息网|各校招生简章,其他,
MOE-SH-NOCODE-同济-4,L1,A,同济大学上海国际设计创新学院,,上海,待确认,,,见招生简章,双学位,,,,,none,,教育部涉外监管信息网|各校招生简章,其他,
MOE-SH-NOCODE-同济-5,L1,A,同济大学中德学院,,上海,待确认,,,见招生简章,双学位,,,,,none,,教育部涉外监管信息网|各校招生简章,其他,
MOE-SH-NOCODE-同济-6,L1,A,同济大学中意工程创新学院,,上海,待确认,,,见招生简章,双学位,,,,,none,,教育部涉外监管信息网|各校招生简章,其他,
MOE-HL-NOCODE-哈尔滨工-3,L1,A,哈尔滨工业大学香港理工大学深圳国际设计学院,,黑龙江,待确认,,,见招生简章,双学位,,,,,none,,教育部涉外监管信息网|各校招生简章,其他,
MOE-TJ-NOCODE-天津,L1,A,天津大学佐治亚理工深圳学院,,天津,待确认,,,见招生简章,双学位,,,,,none,,教育部涉外监管信息网|各校招生简章,其他,
MOE-JS-NOCODE-东南-3,L1,A,东南大学雷恩研究生学院,,江苏,法国雷恩大学,硕士层次,,见招生简章,双学位,,,,2,none,,教育部涉外监管信息网|各校招生简章,其他,
MOE-TJ-NOCODE-南开,L1,A,南开大学—格拉斯哥大学联合研究生院,,天津,英国格拉斯哥大学,硕士层次,,见招生简章,双学位,,,,2,none,,教育部涉外监管信息网|各校招生简章,其他,
MOE-GD-10559-暨南,L1,B,暨南大学（伯明翰联合学院）,,广东,伯明翰大学（UK）,4+0,高考统招,"¥70,000",双学位,10559,,80,2,none,,教育部涉外监管信息网|各校招生简章,4+0,
MOE-BJ-10005-北京工业,L1,B,北京工业大学（北京-都柏林国际学院）,,北京,都柏林大学（IE）,4+0,高考统招,"¥75,000",双学位,10005,,126,3,none,,教育部涉外监管信息网|各校招生简章,4+0,
MOE-SH-10280-上海,L1,B,上海大学（悉尼工商学院）,,上海,悉尼科技大学（AU）,4+0,高考统招,"¥60,000",双学位,10280,,88,3,none,,教育部涉外监管信息网|各校招生简章,4+0,
MOE-JS-10285-苏州,L1,B,苏州大学（中外合作）,,江苏,维多利亚大学（CA）/ 曼彻斯特大学（UK）,3+1 / 4+0,高考统招,"¥50,000-80,000",双学位,10285,,,3,none,,教育部涉外监管信息网|各校招生简章,3+1,
MOE-HB-10497-武汉理工,L1,B,武汉理工大学（艾克斯马赛学院）,,湖北,艾克斯马赛大学（FR）,4+0,高考统招,"¥60,000",双学位,10497,,,3,none,,教育部涉外监管信息网|各校招生简章,4+0,
MOE-JS-10300-南京信息,L1,B,南京信息工程大学（雷丁学院）,,江苏,雷丁大学（UK）,4+0,高考统招,"¥60,000",双学位,10300,,172,2,none,,教育部涉外监管信息网|各校招生简章,4+0,
MOE-ZJ-10336-杭州电子,L1,B,杭州电子科技大学（圣光机联合学院）,,浙江,圣彼得堡国立信息技术机械与光学大学（RU）,4+0,高考统招,"¥40,000",双学位,10336,,,2,none,,教育部涉外监管信息网|各校招生简章,4+0,
MOE-BJ-NOCODE-北京工业,L1,B,北京工业大学北京-都柏林国际学院,,北京,都柏林大学（IE）,4+0,高考统招,"¥95,000/年",双学位,,,,2,none,,教育部涉外监管信息网|各校招生简章,4+0,
MOE-BJ-NOCODE-中国传媒,L1,B,中国传媒大学国际传媒教育学院,,北京,"New York Institute of Technology, USA（美国纽约理工学院）； Nottingham Trent University, UK（英国诺丁汉特伦特大学）",4+0,高考统招,见招生简章,双学位,,,,2,none,,教育部涉外监管信息网|各校招生简章,4+0,
MOE-BJ-NOCODE-北京化工,L1,B,北京化工大学巴黎居里工程师学院,,北京,索邦大学（FR）,4+0,高考统招,见招生简章,双学位,,,,2,none,,教育部涉外监管信息网|各校招生简章,4+0,
MOE-BJ-NOCODE-北京联合,L1,B,北京联合大学俄交大联合交通学院,,北京,俄罗斯交通大学（RU）,4+0,高考统招,见招生简章,双学位,,,,2,none,,教育部涉外监管信息网|各校招生简章,4+0,
MOE-BJ-NOCODE-北方工业,L1,B,北方工业大学伦敦布鲁内尔学院,,北京,布鲁内尔大学（UK）,4+0,高考统招,见招生简章,双学位,,,,2,none,,教育部涉外监管信息网|各校招生简章,4+0,
MOE-BJ-NOCODE-北京信息,L1,B,北京信息科技大学伊利诺伊工程学院,,北京,伊利诺伊大学（US）,4+0,高考统招,见招生简章,双学位,,,,2,none,,教育部涉外监管信息网|各校招生简章,4+0,
MOE-BJ-NOCODE-北京舞蹈,L1,B,北京舞蹈学院三一拉班学院,,北京,"Trinity Laban Conservatoire of Music and Dance, UK（英国圣三一拉邦音乐与舞蹈学院）",4+0,高考统招,见招生简章,双学位,,,,2,none,,教育部涉外监管信息网|各校招生简章,4+0,
MOE-BJ-NOCODE-北京科技,L1,B,北京科技大学利兹大学联合学院,,北京,利兹大学（UK）,4+0,高考统招,见招生简章,双学位,,,,2,none,,教育部涉外监管信息网|各校招生简章,4+0,
MOE-BJ-NOCODE-北京外国,L1,B,北京外国语大学伦敦大学亚非学院联合学院,,北京,"School of Oriental and African Studies, University of London, UK（英国伦敦大学亚非研究学院）",4+0,高考统招,见招生简章,双学位,,,,2,none,,教育部涉外监管信息网|各校招生简章,4+0,
MOE-SH-NOCODE-上海,L1,B,上海大学中欧工程技术学院,,上海,University of Technology of Belfort –Montbe′liard ; University of Technology of Compiegne; University of Technology of Troyes France （法国贝尔福－蒙贝利亚技术大学、贡比涅技术大学、特鲁瓦技术大学）,4+0,高考统招,见招生简章,双学位,,,,2,none,,教育部涉外监管信息网|各校招生简章,4+0,
MOE-SH-NOCODE-上海理工,L1,B,上海理工大学中英国际学院,,上海,1.University of Bradford（英国布拉德福德大学）； 2.University of Huddersfield（英国哈德斯菲尔德大学）； 3. University of Leeds（英国利兹大学）；4. Leeds Beckett University（英国利兹贝克特大学）； 5. Liverpool John Moores University（英国利物浦约翰摩尔大学）；,4+0,高考统招,"¥25,000-30,000/年（统招）",双学位,,,,2,none,,教育部涉外监管信息网|各校招生简章,4+0,
MOE-SH-NOCODE-上海-2,L1,B,上海大学悉尼工商学院,,上海,"University of Technology, Sydney, Australia（澳大利亚悉尼科技大学）",4+0,高考统招,见招生简章,双学位,,,,2,none,,教育部涉外监管信息网|各校招生简章,4+0,
MOE-SH-NOCODE-东华,L1,B,东华大学上海国际时尚创意学院,,上海,"University of Edinburgh, UK（英国爱丁堡大学）",4+0,高考统招,见招生简章,双学位,,,,2,none,,教育部涉外监管信息网|各校招生简章,4+0,
MOE-SH-NOCODE-上海理工-2,L1,B,上海理工大学中德国际学院,,上海,"Hamburg University of Applied Sciences, Germany（德国汉堡应用技术大学）； Coburg University of Applied Sciences and Arts, Germany（德国科堡应用技术与艺术大学）； Hochschule Furtwangen University, Germany（德国富特旺根应用技术大学）",4+0,高考统招,见招生简章,双学位,,,,2,none,,教育部涉外监管信息网|各校招生简章,4+0,
MOE-SH-NOCODE-中央美术,L1,B,中央美术学院艺术与设计管理学院,,上海,"Sorbonne Université, France（法国索邦大学）、Kedge Business School, France（法国KEDGE商学院）",4+0,高考统招,见招生简章,双学位,,,,2,none,,教育部涉外监管信息网|各校招生简章,4+0,
MOE-SH-NOCODE-华东理工,L1,B,华东理工大学国际卓越工程师学院,,上海,"Ecole Nationale Supérieure de Chimie de Rennes, France（法国雷恩国立高等化工学校）",4+0,高考统招,见招生简章,双学位,,,,2,none,,教育部涉外监管信息网|各校招生简章,4+0,
MOE-SH-NOCODE-上海商,L1,B,上海商学院上海洛桑酒店管理学院,,上海,EHL Hospitality Business School（瑞士 EHL 酒店管理商学院）,4+0,高考统招,见招生简章,双学位,,,,2,none,,教育部涉外监管信息网|各校招生简章,4+0,
MOE-SH-NOCODE-上海电机,L1,B,上海电机学院凯撒斯劳滕智能制造学院,,上海,"德文：Hochschule Kaiserslautern, Deutschland 英文：Hochschule Kaiserslautern University of Applied Sciences, Germany（德国凯撒斯劳滕应用技术大学）",4+0,高考统招,见招生简章,双学位,,,,2,none,,教育部涉外监管信息网|各校招生简章,4+0,
MOE-SH-NOCODE-上海师范,L1,B,上海师范大学天华学院北亚利桑那学院,,上海,亚利桑那大学（US）,4+0,高考统招,见招生简章,双学位,,,,2,none,,教育部涉外监管信息网|各校招生简章,4+0,
MOE-SH-NOCODE-上海工程,L1,B,上海工程技术大学国际创意设计学院,,上海,"韩文：국립 공주대학교，한국 英文：Kongju National University,Republic of Korea（韩国国立公州大学）； 韩文：동서대학교，한국 英文：Dongseo University, Republic of Korea（韩国东西大学）",4+0,高考统招,见招生简章,双学位,,,,2,none,,教育部涉外监管信息网|各校招生简章,4+0,
MOE-SH-NOCODE-上海-3,L1,B,上海大学里斯本学院,,上海,"葡萄牙文：Universidade de Lisboa, Portugal 英文：University of Lisbon, Portugal（葡萄牙里斯本大学）",4+0,高考统招,见招生简章,双学位,,,,2,none,,教育部涉外监管信息网|各校招生简章,4+0,
MOE-SH-NOCODE-上海中侨,L1,B,上海中侨职业技术大学赫尔辛基未来工程学院,,上海,"Metropolia University of Applied Sciences, Finland（芬兰城市应用科学大学）",4+0,高考统招,见招生简章,双学位,,,,2,none,,教育部涉外监管信息网|各校招生简章,4+0,
MOE-SH-NOCODE-上海健康,L1,B,上海健康医学院中芬国际健康学院,,上海,"Laurea University of Applied Sciences, Finland（芬兰拉瑞尔应用科学大学）",4+0,高考统招,见招生简章,双学位,,,,2,none,,教育部涉外监管信息网|各校招生简章,4+0,
MOE-SH-NOCODE-上海师范-2,L1,B,上海师范大学坎特伯雷大学联合学院,,上海,"University of Canterbury, New Zealand（新西兰坎特伯雷大学）",4+0,高考统招,见招生简章,双学位,,,,2,none,,教育部涉外监管信息网|各校招生简章,4+0,
MOE-TJ-NOCODE-中国民航,L1,B,中国民航大学中欧航空工程师学院,,天津,Ecole Nationale de I’Aviation Civile (法国国立民航大学)；Institut Supérieur de l’ Aéronautique et de l’Ecole Nationale Supérieure de Mécanique et d’Aérotechnique (法国国立机械与航空技术大学),4+0,高考统招,见招生简章,双学位,,,,2,none,,教育部涉外监管信息网|各校招生简章,4+0,
MOE-CQ-NOCODE-西南,L1,B,西南大学西塔学院,,重庆,"University of Western Australia, Australia （澳大利亚西澳大学）",4+0,高考统招,见招生简章,双学位,,,,2,none,,教育部涉外监管信息网|各校招生简章,4+0,
MOE-CQ-NOCODE-长江师范,L1,B,长江师范学院库尔斯克联合工程学院,,重庆,"Kursk State University, Курский государственный университет, РФ（俄罗斯库尔斯克国立大学）",4+0,高考统招,见招生简章,双学位,,,,2,none,,教育部涉外监管信息网|各校招生简章,4+0,
MOE-JS-NOCODE-江南,L1,B,江南大学北美学院,,江苏,"Lambton College of Applied Arts and Technology, Canada （加拿大莱姆顿应用技术学院）； College of the North Atlantic, Canada （加拿大北大西洋学院）； Memorial University of Newfoundland, Canada （加拿大纽芬兰纪念大学）； Northwood University",4+0,高考统招,"已停止招生（2020年起，原¥29,800/年）",双学位,,,,2,none,,教育部涉外监管信息网|各校招生简章,4+0,
MOE-JS-NOCODE-江苏师范,L1,B,江苏师范大学圣彼得堡彼得大帝理工大学联合工程学院,,江苏,圣彼得堡国立大学（RU）,4+0,高考统招,见招生简章,双学位,,,,2,none,,教育部涉外监管信息网|各校招生简章,4+0,
MOE-JS-NOCODE-河海,L1,B,河海大学河海里尔学院,,江苏,"The University of Lille, France （法国里尔大学）",4+0,高考统招,"¥58,000/年",双学位,,,,2,none,,教育部涉外监管信息网|各校招生简章,4+0,
MOE-JS-NOCODE-无锡太湖,L1,B,无锡太湖学院苏格兰学院,,江苏,"University of the West of Scotland, UK （英国西苏格兰大学）",4+0,高考统招,见招生简章,双学位,,,,2,none,,教育部涉外监管信息网|各校招生简章,4+0,
MOE-JS-NOCODE-江苏海洋,L1,B,江苏海洋大学马卡洛夫海洋工程学院,,江苏,"乌文：Нацiональний Унiверситет Кораблебудування Iменi Адмiрала Макарова 英文：Admiral Makarov National University of Shipbuilding, Ukraine （乌克兰马卡洛夫国立造船大学）",4+0,高考统招,见招生简章,双学位,,,,2,none,,教育部涉外监管信息网|各校招生简章,4+0,
MOE-JS-NOCODE-常州工,L1,B,常州工学院赫特福德学院,,江苏,"University of Hertfordshire, UK（英国赫特福德大学）",4+0,高考统招,见招生简章,双学位,,,,2,none,,教育部涉外监管信息网|各校招生简章,4+0,
MOE-JS-NOCODE-苏州,L1,B,苏州大学国际创新药学院,,江苏,"The Royal College of Surgeons in Ireland, Ireland（爱尔兰皇家外科医学院）",4+0,高考统招,见招生简章,双学位,,,,2,none,,教育部涉外监管信息网|各校招生简章,4+0,
MOE-JS-NOCODE-徐州工程,L1,B,徐州工程学院圣彼得堡联合工程学院,,江苏,圣彼得堡国立大学（RU）,4+0,高考统招,见招生简章,双学位,,,,2,none,,教育部涉外监管信息网|各校招生简章,4+0,
MOE-JS-NOCODE-淮阴工,L1,B,淮阴工学院特拉华学院,,江苏,"Delaware State University, USA（美国特拉华州立大学）",4+0,高考统招,"¥52,000/年",双学位,,,,2,none,,教育部涉外监管信息网|各校招生简章,4+0,
MOE-JS-NOCODE-扬州,L1,B,扬州大学布拉德福德先进制造学院,,江苏,"University of Bradford, UK（英国布拉德福德大学）",4+0,高考统招,"¥56,000/年",双学位,,,,2,none,,教育部涉外监管信息网|各校招生简章,4+0,
MOE-JS-NOCODE-淮阴师范,L1,B,淮阴师范学院白师大联合教育学院,,江苏,Belarusian State Pedagogical University（白俄罗斯国立师范大学）,4+0,高考统招,"¥49,000/年",双学位,,,,2,none,,教育部涉外监管信息网|各校招生简章,4+0,
MOE-JS-NOCODE-无锡,L1,B,无锡学院新西伯利亚学院,,江苏,"Novosibirsk State Technical University, Russia（俄罗斯新西伯利亚国立技术大学）",4+0,高考统招,"¥50,000/年",双学位,,,,2,none,,教育部涉外监管信息网|各校招生简章,4+0,
MOE-JS-NOCODE-南通,L1,B,南通大学锡耶纳未来生物技术学院,,江苏,"University of Siena, Italy（意大利锡耶纳大学）",4+0,高考统招,"¥56,000/年",双学位,,,,2,none,,教育部涉外监管信息网|各校招生简章,4+0,
MOE-JS-NOCODE-江苏科技,L1,B,江苏科技大学莫尔多瓦联合学院,,江苏,"Национальный исследовательский Мордовский государственный университет им. Н.П. Огарёва, National Research Ogarev Mordovia State University, Russia（俄罗斯国家研究型莫尔多瓦国立大学）",4+0,高考统招,见招生简章,双学位,,,,2,none,,教育部涉外监管信息网|各校招生简章,4+0,
MOE-JS-NOCODE-宿迁,L1,B,宿迁学院雷克瑟姆大学联合学院,,江苏,"Wrexham University, UK（英国雷克瑟姆大学）",4+0,高考统招,见招生简章,双学位,,,,2,none,,教育部涉外监管信息网|各校招生简章,4+0,
MOE-JS-NOCODE-苏州科技,L1,B,苏州科技大学那不勒斯费德里克学院,,江苏,"Università degli Studi di NAPOLI Federico II, Italia（意大利那不勒斯费德里克二世大学）",4+0,高考统招,见招生简章,双学位,,,,2,none,,教育部涉外监管信息网|各校招生简章,4+0,
MOE-JS-NOCODE-常州,L1,B,常州大学乌法学院,,江苏,"Уфимский университет науки и технологий, Ufa University of Science and Technology, Russia（俄罗斯乌法科技大学）",4+0,高考统招,见招生简章,双学位,,,,2,none,,教育部涉外监管信息网|各校招生简章,4+0,
MOE-JS-NOCODE-苏州工,L1,B,苏州工学院威斯康星学院,,江苏,"University of Wisconsin-Stout, USA（美国威斯康星大学斯托特分校）",4+0,高考统招,见招生简章,双学位,,,,2,none,,教育部涉外监管信息网|各校招生简章,4+0,
MOE-JS-NOCODE-金陵科技,L1,B,金陵科技学院德蒙福特学院,,江苏,De Montfort University，UK（英国德蒙福特大学）,4+0,高考统招,见招生简章,双学位,,,,2,none,,教育部涉外监管信息网|各校招生简章,4+0,
MOE-JS-NOCODE-盐城师范,L1,B,盐城师范学院爱尔丁学院,,江苏,"University of Applied Management, Germany（德国埃尔丁应用管理应用技术大学）",4+0,高考统招,见招生简章,双学位,,,,2,none,,教育部涉外监管信息网|各校招生简章,4+0,
MOE-JS-NOCODE-江苏,L1,B,江苏大学迪肯大学联合学院,,江苏,"Deakin University, Australia（澳大利亚迪肯大学）",4+0,高考统招,见招生简章,双学位,,,,2,none,,教育部涉外监管信息网|各校招生简章,4+0,
MOE-JS-NOCODE-江苏第二,L1,B,江苏第二师范学院迪吉彭学院,,江苏,"DigiPen Institute of Technology, USA（美国迪吉彭理工学院）",4+0,高考统招,见招生简章,双学位,,,,2,none,,教育部涉外监管信息网|各校招生简章,4+0,
MOE-ZJ-NOCODE-浙江科技,L1,B,浙江科技大学中德工程师学院,,浙江,"University of Applied Sciences Lübeck, Germany（德国吕贝克应用科技大学）；University of Applied Sciences West Coast, Germany（德国西海岸应用科技大学）（2020年起停止招收新生）；University of Applied Sciences Zwickau,Germany（德国西萨克森茨维考应用科技大学",4+0,高考统招,见招生简章,双学位,,,,2,none,,教育部涉外监管信息网|各校招生简章,4+0,
MOE-ZJ-NOCODE-浙大城市,L1,B,浙大城市学院怀卡托大学联合学院,,浙江,"The University of Waikato, NZ（新西兰怀卡托大学）",4+0,高考统招,见招生简章,双学位,,,,2,none,,教育部涉外监管信息网|各校招生简章,4+0,
MOE-ZJ-NOCODE-宁波,L1,B,宁波大学昂热大学联合学院,,浙江,"University of Angers, France（法国昂热大学）",4+0,高考统招,见招生简章,双学位,,,,2,none,,教育部涉外监管信息网|各校招生简章,4+0,
MOE-ZJ-NOCODE-浙江越秀,L1,B,浙江越秀外国语学院东部理工数据科学与传播学院,,浙江,"Eastern Institute of Technology, New Zealand（国立新西兰理工学院-新西兰东部理工学院）",4+0,高考统招,见招生简章,双学位,,,,2,none,,教育部涉外监管信息网|各校招生简章,4+0,
MOE-ZJ-NOCODE-杭州师范,L1,B,杭州师范大学哈尔科夫学院,,浙江,"Kharkiv National University, Ukraine （乌克兰哈尔科夫国立大学）",4+0,高考统招,见招生简章,双学位,,,,2,none,,教育部涉外监管信息网|各校招生简章,4+0,
MOE-ZJ-NOCODE-温州医科,L1,B,温州医科大学阿尔伯塔学院,,浙江,阿尔伯塔大学（CA）,4+0,高考统招,"¥75,000/年（临床医学本科）",双学位,,,,2,none,,教育部涉外监管信息网|各校招生简章,4+0,
MOE-ZJ-NOCODE-浙江工商,L1,B,浙江工商大学萨塞克斯人工智能学院,,浙江,"University of Sussex, UK （英国萨塞克斯大学）",4+0,高考统招,见招生简章,双学位,,,,2,none,,教育部涉外监管信息网|各校招生简章,4+0,
MOE-ZJ-NOCODE-浙江理工,L1,B,浙江理工大学马兰戈尼时尚设计学院,,浙江,Istituto Marangoni France SAS〔马兰戈尼学院（法国）〕,4+0,高考统招,见招生简章,双学位,,,,2,none,,教育部涉外监管信息网|各校招生简章,4+0,
MOE-ZJ-NOCODE-中国美术,L1,B,中国美术学院南特设计联合学院,,浙江,"L’École de Design Nantes Atlantique, France（法国南特大西洋设计学院）",4+0,高考统招,见招生简章,双学位,,,,2,none,,教育部涉外监管信息网|各校招生简章,4+0,
MOE-ZJ-NOCODE-浙江师范,L1,B,浙江师范大学堪萨斯大学联合教育学院,,浙江,"University of Kansas, USA（美国堪萨斯大学）",4+0,高考统招,见招生简章,双学位,,,,2,none,,教育部涉外监管信息网|各校招生简章,4+0,
MOE-ZJ-NOCODE-浙江万里,L1,B,浙江万里学院德国品牌应用科学大学联合学院,,浙江,"Brand University of Applied Sciences, Germany（德国品牌应用科学大学）",4+0,高考统招,见招生简章,双学位,,,,2,none,,教育部涉外监管信息网|各校招生简章,4+0,
MOE-ZJ-NOCODE-浙江科技-2,L1,B,浙江科技大学塞吉巴黎未来城市工程学院,,浙江,"CY Cergy Paris Université, France（法国塞吉巴黎大学）",4+0,高考统招,见招生简章,双学位,,,,2,none,,教育部涉外监管信息网|各校招生简章,4+0,
MOE-ZJ-NOCODE-浙江水利,L1,B,浙江水利水电学院尼尔森马尔伯勒智能工程学院,,浙江,"Te Pūkenga trading as NMIT, New Zealand（国立新西兰理工学院/尼尔森马尔伯勒理工学院）",4+0,高考统招,见招生简章,双学位,,,,2,none,,教育部涉外监管信息网|各校招生简章,4+0,
MOE-ZJ-NOCODE-浙江工业,L1,B,浙江工业大学埃克塞特联合学院,,浙江,"University of Exeter, UK（英国埃克塞特大学）",4+0,高考统招,见招生简章,双学位,,,,2,none,,教育部涉外监管信息网|各校招生简章,4+0,
MOE-ZJ-NOCODE-台州,L1,B,台州学院圣伯纳迪诺理工学院,,浙江,"California State University, San Bernardino, USA（美国加利福尼亚州立大学圣伯纳迪诺分校）",4+0,高考统招,见招生简章,双学位,,,,2,none,,教育部涉外监管信息网|各校招生简章,4+0,
MOE-ZJ-NOCODE-中国计量,L1,B,中国计量大学安格利亚鲁斯金联合学院,,浙江,"Anglia Ruskin University, UK（英国安格利亚鲁斯金大学）",4+0,高考统招,见招生简章,双学位,,,,2,none,,教育部涉外监管信息网|各校招生简章,4+0,
MOE-ZJ-NOCODE-浙江科技-3,L1,B,浙江科技大学慕尼黑数字创新学院,,浙江,慕尼黑工业大学（DE）,4+0,高考统招,见招生简章,双学位,,,,2,none,,教育部涉外监管信息网|各校招生简章,4+0,
MOE-ZJ-NOCODE-温州,L1,B,温州大学中俄工业技术与设计学院,,浙江,"Saint-Petersburg State University of Industrial Technologies and Design，Санкт-Петербургский государственный университет промышленных технологий и дизайна, РФ（俄罗斯圣彼得堡国立工业技术与设计大学）",4+0,高考统招,见招生简章,双学位,,,,2,none,,教育部涉外监管信息网|各校招生简章,4+0,
MOE-ZJ-NOCODE-浙江外国,L1,B,浙江外国语学院皇家路联合学院,,浙江,"Royal Roads University, Canada（加拿大皇家路大学）",4+0,高考统招,见招生简章,双学位,,,,2,none,,教育部涉外监管信息网|各校招生简章,4+0,
MOE-GD-NOCODE-暨南,L1,B,暨南大学伯明翰大学联合学院,,广东,伯明翰大学（UK）,4+0,高考统招,"¥100,000/年",双学位,,,,2,none,,教育部涉外监管信息网|各校招生简章,4+0,
MOE-GD-NOCODE-东莞理工,L1,B,东莞理工学院法国国立工艺学院联合学院,,广东,"Conservatoire national des arts et métiers, France （法国国立工艺学院）",4+0,高考统招,见招生简章,双学位,,,,2,none,,教育部涉外监管信息网|各校招生简章,4+0,
MOE-GD-NOCODE-华南农业,L1,B,华南农业大学广州都柏林国际生命科学与技术学院,,广东,都柏林大学（IE）,4+0,高考统招,见招生简章,双学位,,,,2,none,,教育部涉外监管信息网|各校招生简章,4+0,
MOE-GD-NOCODE-华南师范,L1,B,华南师范大学阿伯丁数据科学与人工智能学院,,广东,"University of Aberdeen, UK（英国阿伯丁大学）",4+0,高考统招,"¥70,000/年",双学位,,,,2,none,,教育部涉外监管信息网|各校招生简章,4+0,
MOE-GD-NOCODE-南方科技,L1,B,南方科技大学伦敦国王学院医学院,,广东,"King’s College London, UK（英国伦敦国王学院）",4+0,高考统招,"¥135,000/年",双学位,,,,2,none,,教育部涉外监管信息网|各校招生简章,4+0,
MOE-GD-NOCODE-深圳,L1,B,深圳大学深圳南特金融科技学院,,广东,"Audencia Business School, France（法国南特高等商学院）",4+0,高考统招,"¥80,000/年",双学位,,,,2,none,,教育部涉外监管信息网|各校招生简章,4+0,
MOE-GD-NOCODE-广州工商,L1,B,广州工商学院东北州立联合科技学院,,广东,"Northeastern State University(Tahlequah), USA（美国东北州立大学）",4+0,高考统招,见招生简章,双学位,,,,2,none,,教育部涉外监管信息网|各校招生简章,4+0,
MOE-GD-NOCODE-广东海洋,L1,B,广东海洋大学圣彼得堡船舶与海洋技术学院,,广东,圣彼得堡国立大学（RU）,4+0,高考统招,见招生简章,双学位,,,,2,none,,教育部涉外监管信息网|各校招生简章,4+0,
MOE-GD-NOCODE-暨南-2,L1,B,暨南大学瑞士恺撒里兹学院深圳数智文旅学院,,广东,"César Ritz Colleges Switzerland, Switzerland（瑞士恺撒里兹学院）",4+0,高考统招,见招生简章,双学位,,,,2,none,,教育部涉外监管信息网|各校招生简章,4+0,
MOE-GD-NOCODE-广东财经,L1,B,广东财经大学中密苏里大学联合学院,,广东,"University of Central Missouri, USA（美国中密苏里大学）",4+0,高考统招,见招生简章,双学位,,,,2,none,,教育部涉外监管信息网|各校招生简章,4+0,
MOE-GD-NOCODE-佛山,L1,B,佛山大学香农理工智能制造学院,,广东,"Technological University of the Shannon：Midlands Midwest, Ireland（爱尔兰香农理工大学-中部中西部）",4+0,高考统招,见招生简章,双学位,,,,2,none,,教育部涉外监管信息网|各校招生简章,4+0,
MOE-GD-NOCODE-广东科技,L1,B,广东科技学院美国北美大学联合信息技术学院,,广东,"University of North America, USA（美国北美大学（弗吉尼亚州））",4+0,高考统招,见招生简章,双学位,,,,2,none,,教育部涉外监管信息网|各校招生简章,4+0,
MOE-HI-NOCODE-海南,L1,B,海南大学亚利桑那州立大学国际学院,,海南,亚利桑那大学（US）,4+0,高考统招,"¥60,000/年",双学位,,,,2,none,,教育部涉外监管信息网|各校招生简章,4+0,
MOE-HI-NOCODE-北京邮电,L1,B,北京邮电大学玛丽女王海南学院,,海南,"Queen Mary University of London, UK（英国伦敦玛丽女王大学）",4+0,高考统招,见招生简章,双学位,,,,2,none,,教育部涉外监管信息网|各校招生简章,4+0,
MOE-HI-NOCODE-中国传媒,L1,B,中国传媒大学考文垂学院,,海南,"Coventry University, UK（英国考文垂大学）",4+0,高考统招,见招生简章,双学位,,,,2,none,,教育部涉外监管信息网|各校招生简章,4+0,
MOE-HI-NOCODE-北京体育,L1,B,北京体育大学阿尔伯塔国际休闲体育与旅游学院,,海南,阿尔伯塔大学（CA）,4+0,高考统招,见招生简章,双学位,,,,2,none,,教育部涉外监管信息网|各校招生简章,4+0,
MOE-HI-NOCODE-海南医科,L1,B,海南医科大学西英格兰学院,,海南,"University of the West of England,UK（英国西英格兰大学）",4+0,高考统招,见招生简章,双学位,,,,2,none,,教育部涉外监管信息网|各校招生简章,4+0,
MOE-HI-NOCODE-琼台师范,L1,B,琼台师范学院北安普顿国际学院,,海南,"University of Northampton,UK（英国北安普顿大学）",4+0,高考统招,见招生简章,双学位,,,,2,none,,教育部涉外监管信息网|各校招生简章,4+0,
MOE-HI-NOCODE-北京语言,L1,B,北京语言大学克莱蒙语言科学与产业学院,,海南,"ESC Clermont Business School, France（法国克莱蒙高等商学院）",4+0,高考统招,见招生简章,双学位,,,,2,none,,教育部涉外监管信息网|各校招生简章,4+0,
MOE-HI-NOCODE-海南-2,L1,B,海南大学梅西国际学院,,海南,"Massey University, New Zealand（新西兰梅西大学）",4+0,高考统招,见招生简章,双学位,,,,2,none,,教育部涉外监管信息网|各校招生简章,4+0,
MOE-HI-NOCODE-北京语言-2,L1,B,北京语言大学中美国际健康学院,,海南,"Northeastern State University, USA（美国东北州立大学）",4+0,高考统招,见招生简章,双学位,,,,2,none,,教育部涉外监管信息网|各校招生简章,4+0,
MOE-HI-NOCODE-三亚,L1,B,三亚学院吉利兰开夏大学联合产业学院,,海南,"University of Lancashire, UK（英国兰开夏大学）",4+0,高考统招,见招生简章,双学位,,,,2,none,,教育部涉外监管信息网|各校招生简章,4+0,
MOE-HI-NOCODE-东北林业,L1,B,东北林业大学悉林学院,,海南,"University of Technology Sydney, Australia（澳大利亚悉尼科技大学）",4+0,高考统招,见招生简章,双学位,,,,2,none,,教育部涉外监管信息网|各校招生简章,4+0,
MOE-HI-NOCODE-东北林业-2,L1,B,东北林业大学海南奥林学院,,海南,"University of Auckland, New Zealand（新西兰奥克兰大学）",4+0,高考统招,见招生简章,双学位,,,,2,none,,教育部涉外监管信息网|各校招生简章,4+0,
MOE-HI-NOCODE-海南-3,L1,B,海南大学怀卡托大学国际学院,,海南,"The University of Waikato, New Zealand（新西兰怀卡托大学）",4+0,高考统招,见招生简章,双学位,,,,2,none,,教育部涉外监管信息网|各校招生简章,4+0,
MOE-FJ-NOCODE-福州,L1,B,福州大学梅努斯国际工程学院,,福建,National University of Ireland Maynooth（爱尔兰国立梅努斯大学）,4+0,高考统招,"¥60,000/年",双学位,,,,2,none,,教育部涉外监管信息网|各校招生简章,4+0,
MOE-FJ-NOCODE-福建师范,L1,B,福建师范大学哈德斯菲尔德学院,,福建,"University of Huddersfield, UK（英国哈德斯菲尔德大学）",4+0,高考统招,见招生简章,双学位,,,,2,none,,教育部涉外监管信息网|各校招生简章,4+0,
MOE-FJ-NOCODE-闽江,L1,B,闽江学院国际数字经济学院,,福建,"European University Cyprus, Cyprus（塞浦路斯欧洲大学）",4+0,高考统招,见招生简章,双学位,,,,2,none,,教育部涉外监管信息网|各校招生简章,4+0,
MOE-FJ-NOCODE-泉州信息,L1,B,泉州信息工程学院乌克兰艺术学院,,福建,乌文：Національна академія образотворчого мистецтва і архітектури，УКРАЇНА 英文：The National Academy of Fine Arts and Architecture，Ukraine （乌克兰艺术大学）,4+0,高考统招,见招生简章,双学位,,,,2,none,,教育部涉外监管信息网|各校招生简章,4+0,
MOE-FJ-NOCODE-福建农林,L1,B,福建农林大学戴尔豪西大学联合学院,,福建,"Dalhousie University, Canada（加拿大戴尔豪西大学）",4+0,高考统招,见招生简章,双学位,,,,2,none,,教育部涉外监管信息网|各校招生简章,4+0,
MOE-FJ-NOCODE-福建理工,L1,B,福建理工大学帕特雷国际工程师学院,,福建,"University of Patras, Greece（希腊帕特雷大学）",4+0,高考统招,见招生简章,双学位,,,,2,none,,教育部涉外监管信息网|各校招生简章,4+0,
MOE-FJ-NOCODE-福州-2,L1,B,福州大学中俄艺术与科技国际学院,,福建,"Российский государственный художественно- промыш- ленный университет им. С.Г. Строганова, РФ（俄罗斯国立工艺美术大学）",4+0,高考统招,见招生简章,双学位,,,,2,none,,教育部涉外监管信息网|各校招生简章,4+0,
MOE-FJ-NOCODE-闽南师范,L1,B,闽南师范大学阿斯顿学院,,福建,"Aston University, UK（英国阿斯顿大学）",4+0,高考统招,见招生简章,双学位,,,,2,none,,教育部涉外监管信息网|各校招生简章,4+0,
MOE-FJ-NOCODE-福建江夏,L1,B,福建江夏学院慕尼黑学院,,福建,慕尼黑工业大学（DE）,4+0,高考统招,见招生简章,双学位,,,,2,none,,教育部涉外监管信息网|各校招生简章,4+0,
MOE-SD-NOCODE-青岛科技,L1,B,青岛科技大学中德科技学院,,山东,"University of Paderborn, Germany（德国帕德博恩大学） University of Applied Science Koblenz, Germany（德国科布伦茨应用科技大学） University of Siegen, Germany（德国锡根大学）",4+0,高考统招,"¥68,000/年",双学位,,,,2,none,,教育部涉外监管信息网|各校招生简章,4+0,
MOE-SD-NOCODE-鲁东,L1,B,鲁东大学蔚山船舶与海洋学院,,山东,"University of Ulsan, Republic of Korea（韩国蔚山大学）",4+0,高考统招,见招生简章,双学位,,,,2,none,,教育部涉外监管信息网|各校招生简章,4+0,
MOE-SD-NOCODE-北京交通,L1,B,北京交通大学兰卡斯特大学学院,,山东,"Lancaster University , UK（英国兰卡斯特大学）",4+0,高考统招,"¥100,000/年（数字媒体艺术¥105,000）",双学位,,,,2,none,,教育部涉外监管信息网|各校招生简章,4+0,
MOE-SD-NOCODE-齐鲁工业,L1,B,齐鲁工业大学基辅学院,,山东,"Kyiv National University of Technologies and Design, Ukraine（乌克兰基辅国立工艺设计大学）",4+0,高考统招,见招生简章,双学位,,,,2,none,,教育部涉外监管信息网|各校招生简章,4+0,
MOE-SD-NOCODE-青岛农业,L1,B,青岛农业大学巴瑟斯未来农业科技学院,,山东,"Royal Agricultural University, UK （英国皇家农业大学）",4+0,高考统招,见招生简章,双学位,,,,2,none,,教育部涉外监管信息网|各校招生简章,4+0,
MOE-SD-NOCODE-烟台,L1,B,烟台大学特里尔可持续发展技术学院,,山东,"德文：Hochschule Trier, Deutschland 英文：Trier University of Applied Sciences, Germany（德国特里尔应用技术大学）",4+0,高考统招,见招生简章,双学位,,,,2,none,,教育部涉外监管信息网|各校招生简章,4+0,
MOE-SD-NOCODE-德州,L1,B,德州学院别尔哥罗德食品科学学院,,山东,"俄文 ：федеральное государственное автономное образовательное учреждение высшего образования 《 Белгородский государственный национальный исследовательскийуниверсите》,Россия 英文 ：State Autonomous Education",4+0,高考统招,见招生简章,双学位,,,,2,none,,教育部涉外监管信息网|各校招生简章,4+0,
MOE-SD-NOCODE-临沂,L1,B,临沂大学国际生物资源应用学院,,山东,"National University of Life and Environmental Sciences of Ukraine, Ukraine（乌克兰国立生物资源与自然资源合理利用大学）",4+0,高考统招,见招生简章,双学位,,,,2,none,,教育部涉外监管信息网|各校招生简章,4+0,
MOE-SD-NOCODE-青岛,L1,B,青岛大学德雷克联合学院,,山东,"Drake University, USA（美国德雷克大学）",4+0,高考统招,见招生简章,双学位,,,,2,none,,教育部涉外监管信息网|各校招生简章,4+0,
MOE-SD-NOCODE-青岛黄海,L1,B,青岛黄海学院惠灵顿理工联合学院,,山东,"Te Pūkenga-New Zealand Institute of Skills and Technology Trading as WelTec, New Zealand（国立新西兰理工所属惠灵顿理工学院）",4+0,高考统招,见招生简章,双学位,,,,2,none,,教育部涉外监管信息网|各校招生简章,4+0,
MOE-SD-NOCODE-济南,L1,B,济南大学格拉斯哥加利多尼亚大学联合学院,,山东,"Glasgow Caledonian University, UK（英国格拉斯哥加利多尼亚大学）",4+0,高考统招,见招生简章,双学位,,,,2,none,,教育部涉外监管信息网|各校招生简章,4+0,
MOE-SD-NOCODE-聊城,L1,B,聊城大学哈瓦那学院,,山东,"Universidad de La Habana, Cuba（古巴哈瓦那大学）",4+0,高考统招,见招生简章,双学位,,,,2,none,,教育部涉外监管信息网|各校招生简章,4+0,
MOE-SD-NOCODE-曲阜师范,L1,B,曲阜师范大学中澳理工学院,,山东,"The University of Newcastle, Australia（澳大利亚纽卡斯尔大学）",4+0,高考统招,见招生简章,双学位,,,,2,none,,教育部涉外监管信息网|各校招生简章,4+0,
MOE-SD-NOCODE-齐鲁师范,L1,B,齐鲁师范学院格洛德诺智能科学与工程学院,,山东,"Гродненский государственный университет имени Янки Купалы，Yanka Kupala State University of Grodno, Belarus（白俄罗斯格洛德诺杨克库帕尔国立大学）",4+0,高考统招,见招生简章,双学位,,,,2,none,,教育部涉外监管信息网|各校招生简章,4+0,
MOE-SD-NOCODE-青岛科技-2,L1,B,青岛科技大学中哈信息工程学院,,山东,"K.I.Satbayev Kazakh National Research Technical University, Kazakhstan（哈萨克国立技术大学）",4+0,高考统招,见招生简章,双学位,,,,2,none,,教育部涉外监管信息网|各校招生简章,4+0,
MOE-SD-NOCODE-齐鲁医药,L1,B,齐鲁医药学院哈瓦那医学院,,山东,"Universidad de Ciencias Médicas de La Habana, Cuba（古巴哈瓦那医科大学）",4+0,高考统招,见招生简章,双学位,,,,2,none,,教育部涉外监管信息网|各校招生简章,4+0,
MOE-SD-NOCODE-枣庄,L1,B,枣庄学院中法智能工程学院,,山东,"Ecole Centrale d'Electronique, France（法国中央电子学院）",4+0,高考统招,见招生简章,双学位,,,,2,none,,教育部涉外监管信息网|各校招生简章,4+0,
MOE-SD-NOCODE-菏泽,L1,B,菏泽学院中白农业技术与工程学院,,山东,"Беларусская государственная ореденов Октябрьской Революции и Трудового Красного Знамени сельскохозяйственная академия, Belarusian State Agricultural Academy, Belarus（白俄罗斯国立农业学院）",4+0,高考统招,见招生简章,双学位,,,,2,none,,教育部涉外监管信息网|各校招生简章,4+0,
MOE-JX-NOCODE-江西财经,L1,B,江西财经大学格里菲斯数智学院,,江西,"Griffith University, Australia（澳大利亚格里菲斯大学）",4+0,高考统招,见招生简章,双学位,,,,2,none,,教育部涉外监管信息网|各校招生简章,4+0,
MOE-JX-NOCODE-南昌,L1,B,南昌大学玛丽女王学院,,江西,"Queen Mary University of London, UK（英国伦敦玛丽女王大学）",4+0,高考统招,"¥60,000/年",双学位,,,,2,none,,教育部涉外监管信息网|各校招生简章,4+0,
MOE-JX-NOCODE-南昌航空,L1,B,南昌航空大学国际智能科学与工程学院,,江西,"Belarusian State University of Informatics and Radio electronics, Belarus（白俄罗斯国立信息和无线电电子大学）",4+0,高考统招,见招生简章,双学位,,,,2,none,,教育部涉外监管信息网|各校招生简章,4+0,
MOE-JX-NOCODE-江西理工,L1,B,江西理工大学中澳智能制造学院,,江西,"James Cook University, Australia（澳大利亚詹姆斯库克大学）",4+0,高考统招,见招生简章,双学位,,,,2,none,,教育部涉外监管信息网|各校招生简章,4+0,
MOE-JX-NOCODE-江西师范,L1,B,江西师范大学新西伯利亚数智学院,,江西,"Новосибирский национальный исследовательский государственный университет, Novosibirsk National Research State University, Russia（俄罗斯新西伯利亚国家研究型国立大学）",4+0,高考统招,见招生简章,双学位,,,,2,none,,教育部涉外监管信息网|各校招生简章,4+0,
MOE-JX-NOCODE-东华理工,L1,B,东华理工大学德布勒森大学人工智能联合学院,,江西,"University of Debrecen, Hungary（匈牙利德布勒森大学）",4+0,高考统招,见招生简章,双学位,,,,2,none,,教育部涉外监管信息网|各校招生简章,4+0,
MOE-SC-NOCODE-西南交通,L1,B,西南交通大学-利兹学院,,四川,"University of Leeds, UK（英国利兹大学）",4+0,高考统招,"¥62,000/年",双学位,,,,2,none,,教育部涉外监管信息网|各校招生简章,4+0,
MOE-SC-NOCODE-成都理工,L1,B,成都理工大学牛津布鲁克斯学院,,四川,"Oxford Brookes University, UK（英国牛津布鲁克斯大学）",4+0,高考统招,"¥68,000-75,000/年（2026级起）",双学位,,,,2,none,,教育部涉外监管信息网|各校招生简章,4+0,
MOE-SC-NOCODE-西南财经,L1,B,西南财经大学特拉华数据科学学院,,四川,"University of Delaware, USA（美国特拉华大学）",4+0,高考统招,"¥76,000/年",双学位,,,,2,none,,教育部涉外监管信息网|各校招生简章,4+0,
MOE-SC-NOCODE-成都,L1,B,成都大学斯特灵学院,,四川,"University of Stirling, UK（英国斯特灵大学）",4+0,高考统招,见招生简章,双学位,,,,2,none,,教育部涉外监管信息网|各校招生简章,4+0,
MOE-SC-NOCODE-成都中医,L1,B,成都中医药大学基尔健康医学院,,四川,"Keele University, UK（英国基尔大学）",4+0,高考统招,见招生简章,双学位,,,,2,none,,教育部涉外监管信息网|各校招生简章,4+0,
MOE-SC-NOCODE-西南石油,L1,B,西南石油大学俄地质能源学院,,四川,"Российский государственный геологоразведочный университет имени Серго Орджоникидзе, РФ（俄罗斯国立谢尔戈·奥尔忠尼启则地质勘探大学）",4+0,高考统招,见招生简章,双学位,,,,2,none,,教育部涉外监管信息网|各校招生简章,4+0,
MOE-SC-NOCODE-西南财经-2,L1,B,西南财经大学中法学院,,四川,"Montpellier Business School, France（法国蒙彼利埃高等商业学院）",4+0,高考统招,见招生简章,双学位,,,,2,none,,教育部涉外监管信息网|各校招生简章,4+0,
MOE-SC-NOCODE-西南交通-2,L1,B,西南交通大学中法工程师学院,,四川,"外方 ：EPF-Ecole d'Ingénieur-e-s, France （法国EPF工程师学院）",4+0,高考统招,见招生简章,双学位,,,,2,none,,教育部涉外监管信息网|各校招生简章,4+0,
MOE-SC-NOCODE-成都信息,L1,B,成都信息工程大学中法工程师学院,,四川,"ECAM LaSalle, France（法国ECAM拉萨尔工程师学院）",4+0,高考统招,见招生简章,双学位,,,,2,none,,教育部涉外监管信息网|各校招生简章,4+0,
MOE-SC-NOCODE-西华,L1,B,西华大学于韦斯屈莱工程学院,,四川,"Jamk University of Applied Sciences, Finland（芬兰于韦斯屈莱应用科学大学）",4+0,高考统招,见招生简章,双学位,,,,2,none,,教育部涉外监管信息网|各校招生简章,4+0,
MOE-SC-NOCODE-成都师范,L1,B,成都师范学院巴里国际学院,,四川,"Università degli Studi di Bari Aldo Moro, Italia（意大利巴里大学）",4+0,高考统招,见招生简章,双学位,,,,2,none,,教育部涉外监管信息网|各校招生简章,4+0,
MOE-AH-NOCODE-安徽,L1,B,安徽大学纽约石溪学院,,安徽,"The State University of New York at Stony Brook, USA （美国纽约州立大学石溪分校）",4+0,高考统招,"¥50,000/年",双学位,,,,2,none,,教育部涉外监管信息网|各校招生简章,4+0,
MOE-AH-NOCODE-合肥,L1,B,合肥大学国际学院,,安徽,"Hochschule Osnabrück, Deutschland（德国奥斯纳布吕克应用科学大学）",4+0,高考统招,见招生简章,双学位,,,,2,none,,教育部涉外监管信息网|各校招生简章,4+0,
MOE-HE-NOCODE-河北,L1,B,河北大学-中央兰开夏传媒与创意学院,,河北,"University of Lancashire, UK（英国兰开夏大学）",4+0,高考统招,见招生简章,双学位,,,,2,none,,教育部涉外监管信息网|各校招生简章,4+0,
MOE-HE-NOCODE-河北科技,L1,B,河北科技大学澳联大信息工程学院,,河北,Federation University Australia（澳大利亚联邦大学）,4+0,高考统招,见招生简章,双学位,,,,2,none,,教育部涉外监管信息网|各校招生简章,4+0,
MOE-HE-NOCODE-河北工业,L1,B,河北工业大学亚利桑那工业学院,,河北,亚利桑那大学（US）,4+0,高考统招,见招生简章,双学位,,,,2,none,,教育部涉外监管信息网|各校招生简章,4+0,
MOE-HE-NOCODE-衡水,L1,B,衡水学院柴可夫斯基国际音乐艺术学院,,河北,The Ukrainian National Tchaikovsky Academy of Music （乌克兰国立柴可夫斯基音乐学院）,4+0,高考统招,见招生简章,双学位,,,,2,none,,教育部涉外监管信息网|各校招生简章,4+0,
MOE-HE-NOCODE-燕山,L1,B,燕山大学西里西亚智能科学与工程学院,,河北,"Silesian University of Technology, Poland（波兰西里西亚技术大学）",4+0,高考统招,见招生简章,双学位,,,,2,none,,教育部涉外监管信息网|各校招生简章,4+0,
MOE-HE-NOCODE-河北农业,L1,B,河北农业大学马格德堡工学院,,河北,"Hochschule Magdeburg-Stendal, Deutschland（德国马格德堡-施滕达尔应用技术大学）",4+0,高考统招,见招生简章,双学位,,,,2,none,,教育部涉外监管信息网|各校招生简章,4+0,
MOE-HE-NOCODE-河北经贸,L1,B,河北经贸大学索非亚智慧商学院,,河北,"University of National and World Economy, Bulgaria（保加利亚国家与世界经济大学）",4+0,高考统招,见招生简章,双学位,,,,2,none,,教育部涉外监管信息网|各校招生简章,4+0,
MOE-HE-NOCODE-河北金融,L1,B,河北金融学院萨沃尼亚数字科技学院,,河北,"Savonia University of Applied Sciences, Finland（芬兰萨沃尼亚应用科学大学）",4+0,高考统招,见招生简章,双学位,,,,2,none,,教育部涉外监管信息网|各校招生简章,4+0,
MOE-HE-NOCODE-河北北方,L1,B,河北北方学院伊工大国际工程学院,,河北,"Иркутский национальный исследовательский технический университет, РФ（俄罗斯国家研究型大学-伊尔库茨克国立理工大学）",4+0,高考统招,见招生简章,双学位,,,,2,none,,教育部涉外监管信息网|各校招生简章,4+0,
MOE-HE-NOCODE-河北环境,L1,B,河北环境工程学院伊热夫斯克联合学院,,河北,"Kalashnikov Izhevsk State Technical University, Russia（俄罗斯伊热夫斯克国立技术大学）",4+0,高考统招,见招生简章,双学位,,,,2,none,,教育部涉外监管信息网|各校招生简章,4+0,
MOE-HE-NOCODE-唐山,L1,B,唐山学院喀山动力学院,,河北,"Казанский государственный энергетический университет, Kazan State Power Engineering University, Russia（俄罗斯喀山国立动力大学）",4+0,高考统招,见招生简章,双学位,,,,2,none,,教育部涉外监管信息网|各校招生简章,4+0,
MOE-HE-NOCODE-河北科技-2,L1,B,河北科技大学巴黎电影视听技术学院,,河北,,4+0,高考统招,见招生简章,双学位,,,,2,none,,教育部涉外监管信息网|各校招生简章,4+0,
MOE-HE-NOCODE-河北工业-2,L1,B,河北工业大学利物浦学院,,河北,"University of Liverpool, UK（英国利物浦大学）",4+0,高考统招,见招生简章,双学位,,,,2,none,,教育部涉外监管信息网|各校招生简章,4+0,
MOE-HE-NOCODE-河北工业-3,L1,B,河北工业大学卡普顿学院,,河北,"Cape Breton University, Canada（加拿大卡普顿大学）",4+0,高考统招,见招生简章,双学位,,,,2,none,,教育部涉外监管信息网|各校招生简章,4+0,
MOE-HE-NOCODE-河北师范,L1,B,河北师范大学斯特灵数字教育学院,,河北,"University of Stirling, UK（英国斯特灵大学）",4+0,高考统招,见招生简章,双学位,,,,2,none,,教育部涉外监管信息网|各校招生简章,4+0,
MOE-HE-NOCODE-河北工程,L1,B,河北工程大学奥克兰国际智能科技学院,,河北,"Manukau Institute of Technology and Unitec, New Zealand（新西兰曼努考联合理工学院）",4+0,高考统招,见招生简章,双学位,,,,2,none,,教育部涉外监管信息网|各校招生简章,4+0,
MOE-HA-NOCODE-郑州西亚,L1,B,郑州西亚斯学院堪萨斯国际学院,,河南,Fort Hays State University (FHSU)（美国富特海斯州立大学）,4+0,高考统招,见招生简章,双学位,,,,2,none,,教育部涉外监管信息网|各校招生简章,4+0,
MOE-HA-NOCODE-河南,L1,B,河南大学迈阿密学院,,河南,"University of Miami, USA（美国迈阿密大学）",4+0,高考统招,见招生简章,双学位,,,,2,none,,教育部涉外监管信息网|各校招生简章,4+0,
MOE-HA-NOCODE-中原工,L1,B,中原工学院中原彼得堡航空学院,,河南,"Saint Petersburg State University of Aerospace Instrumentation, RU（俄罗斯圣彼得堡国立宇航仪器制造大学）",4+0,高考统招,见招生简章,双学位,,,,2,none,,教育部涉外监管信息网|各校招生简章,4+0,
MOE-HA-NOCODE-华北水利,L1,B,华北水利水电大学乌拉尔学院,,河南,"Уральский федеральный университет, RU（俄罗斯乌拉尔联邦大学）",4+0,高考统招,见招生简章,双学位,,,,2,none,,教育部涉外监管信息网|各校招生简章,4+0,
MOE-HA-NOCODE-河南牧业,L1,B,河南牧业经济学院卡洛理工国际学院,,河南,"South East Technological University, Ireland（爱尔兰东南理工大学）",4+0,高考统招,见招生简章,双学位,,,,2,none,,教育部涉外监管信息网|各校招生简章,4+0,
MOE-HA-NOCODE-郑州航空,L1,B,郑州航空工业管理学院南乌拉尔学院,,河南,"俄文：Южно-уральский государственный университет, Россия 英文：South Ural State University, Russia（俄罗斯南乌拉尔国立大学）",4+0,高考统招,见招生简章,双学位,,,,2,none,,教育部涉外监管信息网|各校招生简章,4+0,
MOE-HA-NOCODE-安阳工,L1,B,安阳工学院莫斯科航空科技学院,,河南,"Московский государственный технический университет гражданской авиации, Россия 英文：Moscow State Technical University of Civil Aviation, Russia （俄罗斯莫斯科国立民用航空技术大学）",4+0,高考统招,见招生简章,双学位,,,,2,none,,教育部涉外监管信息网|各校招生简章,4+0,
MOE-HA-NOCODE-河南科技,L1,B,河南科技大学莫动理工学院,,河南,"俄文：Национальный исследовательский университет «МЭИ» (РФ), Россия 英文：National Research University Moscow Power Engineering Institute, Russia （俄罗斯国立研究大学莫斯科动力学院）",4+0,高考统招,见招生简章,双学位,,,,2,none,,教育部涉外监管信息网|各校招生简章,4+0,
MOE-HA-NOCODE-河南中医,L1,B,河南中医药大学管理科大联合学院,,河南,"Management and Science University, Malaysia（马来西亚管理与科学大学）",4+0,高考统招,见招生简章,双学位,,,,2,none,,教育部涉外监管信息网|各校招生简章,4+0,
MOE-HA-NOCODE-河南科技-2,L1,B,河南科技学院苏梅国际学院,,河南,"乌克兰文：Сумський національний аграрний університет，Україна。 英文：Sumy National Agrarian University, Ukraine（乌克兰苏梅国立农业大学）",4+0,高考统招,见招生简章,双学位,,,,2,none,,教育部涉外监管信息网|各校招生简章,4+0,
MOE-HA-NOCODE-平顶山,L1,B,平顶山学院马拉加工程学院,,河南,"西班牙文：Universidad de Málaga, España 英文：University of Malaga, Spain（西班牙马拉加大学）",4+0,高考统招,见招生简章,双学位,,,,2,none,,教育部涉外监管信息网|各校招生简章,4+0,
MOE-HA-NOCODE-河南理工,L1,B,河南理工大学利莫瑞克国际学院,,河南,"University of Limerick, Ireland（爱尔兰利莫瑞克大学）",4+0,高考统招,见招生简章,双学位,,,,2,none,,教育部涉外监管信息网|各校招生简章,4+0,
MOE-HA-NOCODE-郑州,L1,B,郑州大学惠灵顿学院,,河南,"Victoria University of Wellington, New Zealand（新西兰惠灵顿维多利亚大学）",4+0,高考统招,见招生简章,双学位,,,,2,none,,教育部涉外监管信息网|各校招生简章,4+0,
MOE-HA-NOCODE-郑州轻工,L1,B,郑州轻工业大学奥克兰大学智能工程联合学院,,河南,"Oakland University, USA（美国奥克兰大学）",4+0,高考统招,见招生简章,双学位,,,,2,none,,教育部涉外监管信息网|各校招生简章,4+0,
MOE-HA-NOCODE-周口师范,L1,B,周口师范学院博农科技学院,,河南,Universiti Putra Malaysia（马来西亚博特拉大学）,4+0,高考统招,见招生简章,双学位,,,,2,none,,教育部涉外监管信息网|各校招生简章,4+0,
MOE-HA-NOCODE-河南师范,L1,B,河南师范大学佩皮尼昂国际理工学院,,河南,"L’Université de Perpignan Via Domitia, France（法国佩皮尼昂大学)",4+0,高考统招,见招生简章,双学位,,,,2,none,,教育部涉外监管信息网|各校招生简章,4+0,
MOE-HA-NOCODE-河南工业,L1,B,河南工业大学仁荷理工学院,,河南,한국인하대학교（韩国仁荷大学）,4+0,高考统招,见招生简章,双学位,,,,2,none,,教育部涉外监管信息网|各校招生简章,4+0,
MOE-HA-NOCODE-河南农业,L1,B,河南农业大学马尔凯理工学院,,河南,"Università Politecnica delle Marche, ltalia（意大利马尔凯理工大学）",4+0,高考统招,见招生简章,双学位,,,,2,none,,教育部涉外监管信息网|各校招生简章,4+0,
MOE-HA-NOCODE-郑州工程,L1,B,郑州工程技术学院思特雅工程学院,,河南,"UCSI University, Malaysia（马来西亚思特雅国际大学学院大学）",4+0,高考统招,见招生简章,双学位,,,,2,none,,教育部涉外监管信息网|各校招生简章,4+0,
MOE-HA-NOCODE-河南财经,L1,B,河南财经政法大学数智国际学院,,河南,"Westcliff University, USA（美国西崖大学）",4+0,高考统招,见招生简章,双学位,,,,2,none,,教育部涉外监管信息网|各校招生简章,4+0,
MOE-HA-NOCODE-新乡,L1,B,新乡学院墨尔本联合学院,,河南,"Melbourne Polytechnic, Australia（澳大利亚墨尔本理工学院）",4+0,高考统招,见招生简章,双学位,,,,2,none,,教育部涉外监管信息网|各校招生简章,4+0,
MOE-HA-NOCODE-信阳师范,L1,B,信阳师范大学拉斯维亚斯科技学院,,河南,"Universidad Central “Marta Abreu” de Las Villas, Cuba（古巴拉斯维亚斯中央大学）",4+0,高考统招,见招生简章,双学位,,,,2,none,,教育部涉外监管信息网|各校招生简章,4+0,
MOE-HA-NOCODE-河南-2,L1,B,河南大学阿斯顿国际学院,,河南,"Aston University, UK（英国阿斯顿大学）",4+0,高考统招,见招生简章,双学位,,,,2,none,,教育部涉外监管信息网|各校招生简章,4+0,
MOE-HA-NOCODE-郑州轻工-2,L1,B,郑州轻工业大学卡梅里诺联合学院,,河南,"University of Camerino, Italy（意大利卡梅里诺大学）",4+0,高考统招,见招生简章,双学位,,,,2,none,,教育部涉外监管信息网|各校招生简章,4+0,
MOE-HA-NOCODE-南阳理工,L1,B,南阳理工学院庆南数智学院,,河南,"경남대학교, 한국（韩国庆南大学）",4+0,高考统招,见招生简章,双学位,,,,2,none,,教育部涉外监管信息网|各校招生简章,4+0,
MOE-HA-NOCODE-河南工程,L1,B,河南工程学院国际智能工程学院,,河南,"Multimedia University, Malaysia（马来西亚多媒体大学）",4+0,高考统招,见招生简章,双学位,,,,2,none,,教育部涉外监管信息网|各校招生简章,4+0,
MOE-HA-NOCODE-南阳师范,L1,B,南阳师范学院圣地亚哥东方理工学院,,河南,"Univerdiad de Oriente, Cuba（古巴东方大学）",4+0,高考统招,见招生简章,双学位,,,,2,none,,教育部涉外监管信息网|各校招生简章,4+0,
MOE-HA-NOCODE-许昌,L1,B,许昌学院贝尔维尤国际学院,,河南,"Bellevue University, USA（美国贝尔维尤大学）",4+0,高考统招,见招生简章,双学位,,,,2,none,,教育部涉外监管信息网|各校招生简章,4+0,
MOE-HB-NOCODE-武汉纺织,L1,B,武汉纺织大学伯明翰时尚创意学院,,湖北,Birmingham City University，UK（英国伯明翰城市大学）,4+0,高考统招,见招生简章,双学位,,,,2,none,,教育部涉外监管信息网|各校招生简章,4+0,
MOE-HB-NOCODE-武汉理工,L1,B,武汉理工大学艾克斯马赛学院,,湖北,艾克斯马赛大学（FR）,4+0,高考统招,见招生简章,双学位,,,,2,none,,教育部涉外监管信息网|各校招生简章,4+0,
MOE-HB-NOCODE-湖北工业,L1,B,湖北工业大学底特律绿色工业学院,,湖北,"University of Detroit Mercy, USA（美国底特律大学）",4+0,高考统招,见招生简章,双学位,,,,2,none,,教育部涉外监管信息网|各校招生简章,4+0,
MOE-HB-NOCODE-湖北,L1,B,湖北大学曼城联合学院,,湖北,"Manchester Metropolitan University, UK （英国曼彻斯特城市大学）",4+0,高考统招,见招生简章,双学位,,,,2,none,,教育部涉外监管信息网|各校招生简章,4+0,
MOE-HB-NOCODE-华中农业,L1,B,华中农业大学林肯大学联合学院,,湖北,"Lincoln University, New Zealand（新西兰林肯大学）",4+0,高考统招,见招生简章,双学位,,,,2,none,,教育部涉外监管信息网|各校招生简章,4+0,
MOE-HB-NOCODE-湖北经济,L1,B,湖北经济学院弗罗斯特堡碳经济与数据科学学院,,湖北,"Frostburg State University, USA（美国弗罗斯特堡州立大学）",4+0,高考统招,见招生简章,双学位,,,,2,none,,教育部涉外监管信息网|各校招生简章,4+0,
MOE-HB-NOCODE-武汉轻工,L1,B,武汉轻工大学匹兹堡联合学院,,湖北,匹兹堡大学（US）,4+0,高考统招,见招生简章,双学位,,,,2,none,,教育部涉外监管信息网|各校招生简章,4+0,
MOE-HB-NOCODE-武汉科技,L1,B,武汉科技大学马德里康普顿斯学院,,湖北,"Complutense University of Madrid, Spain（西班牙马德里康普顿斯大学）",4+0,高考统招,见招生简章,双学位,,,,2,none,,教育部涉外监管信息网|各校招生简章,4+0,
MOE-HB-NOCODE-武汉理工-2,L1,B,武汉理工大学布鲁内尔学院,,湖北,布鲁内尔大学（UK）,4+0,高考统招,见招生简章,双学位,,,,2,none,,教育部涉外监管信息网|各校招生简章,4+0,
MOE-HB-NOCODE-武汉体育,L1,B,武汉体育学院中德运动与健康学院,,湖北,German University of Health and Sport（德国柏林健康与运动学院）,4+0,高考统招,见招生简章,双学位,,,,2,none,,教育部涉外监管信息网|各校招生简章,4+0,
MOE-HB-NOCODE-武汉工程,L1,B,武汉工程大学中德人工智能与数字工程学院,,湖北,"Mediadesign Hochschule für Design und Informatik, Mediadesign University of Applied Sciences, Germany（德国柏林媒体设计与计算机应用技术大学）",4+0,高考统招,见招生简章,双学位,,,,2,none,,教育部涉外监管信息网|各校招生简章,4+0,
MOE-HB-NOCODE-湖北师范,L1,B,湖北师范大学奥斯特学院,,湖北,"University of Ulster, UK（英国奥斯特大学）",4+0,高考统招,见招生简章,双学位,,,,2,none,,教育部涉外监管信息网|各校招生简章,4+0,
MOE-HB-NOCODE-湖北工程,L1,B,湖北工程学院林肯机械工程与人工智能学院,,湖北,"Lincoln University College, Malaysia（马来西亚林肯大学学院）",4+0,高考统招,见招生简章,双学位,,,,2,none,,教育部涉外监管信息网|各校招生简章,4+0,
MOE-HB-NOCODE-荆楚理工,L1,B,荆楚理工学院苏格兰联合学院,,湖北,"University of the Highlands and Islands, UK（英国高地与群岛大学）",4+0,高考统招,见招生简章,双学位,,,,2,none,,教育部涉外监管信息网|各校招生简章,4+0,
MOE-HN-NOCODE-湖南工业,L1,B,湖南工业大学德比学院,,湖南,"The University of Derby, UK（英国德比大学）",4+0,高考统招,见招生简章,双学位,,,,2,none,,教育部涉外监管信息网|各校招生简章,4+0,
MOE-HN-NOCODE-湖南工程,L1,B,湖南工程学院奥塔戈理工联合学院,,湖南,,4+0,高考统招,见招生简章,双学位,,,,2,none,,教育部涉外监管信息网|各校招生简章,4+0,
MOE-HN-NOCODE-长沙理工,L1,B,长沙理工大学欧布达未来工程学院,,湖南,,4+0,高考统招,见招生简章,双学位,,,,2,none,,教育部涉外监管信息网|各校招生简章,4+0,
MOE-SN-NOCODE-渭南师范,L1,B,渭南师范学院莫斯科艺术学院,,陕西,,4+0,高考统招,见招生简章,双学位,,,,2,none,,教育部涉外监管信息网|各校招生简章,4+0,
MOE-SN-NOCODE-西安建筑,L1,B,西安建筑科技大学阿德莱德大学安德学院,,陕西,,4+0,高考统招,见招生简章,双学位,,,,2,none,,教育部涉外监管信息网|各校招生简章,4+0,
MOE-SN-NOCODE-陕西科技,L1,B,陕西科技大学阿尔斯特学院,,陕西,,4+0,高考统招,见招生简章,双学位,,,,2,none,,教育部涉外监管信息网|各校招生简章,4+0,
MOE-SN-NOCODE-长安,L1,B,长安大学长安都柏林国际交通学院,,陕西,都柏林大学（IE）,4+0,高考统招,"¥65,000/年",双学位,,,,2,none,,教育部涉外监管信息网|各校招生简章,4+0,
MOE-SN-NOCODE-西安理工,L1,B,西安理工大学国际工学院,,陕西,,4+0,高考统招,见招生简章,双学位,,,,2,none,,教育部涉外监管信息网|各校招生简章,4+0,
MOE-SN-NOCODE-西北,L1,B,西北大学萨兰托文化遗产与艺术学院,,陕西,,4+0,高考统招,见招生简章,双学位,,,,2,none,,教育部涉外监管信息网|各校招生简章,4+0,
MOE-SN-NOCODE-陕西理工,L1,B,陕西理工大学特莱恩工学院,,陕西,,4+0,高考统招,见招生简章,双学位,,,,2,none,,教育部涉外监管信息网|各校招生简章,4+0,
MOE-SN-NOCODE-西安工业,L1,B,西安工业大学圣彼得堡彼得大帝理工大学联合理工学院,,陕西,圣彼得堡国立大学（RU）,4+0,高考统招,见招生简章,双学位,,,,2,none,,教育部涉外监管信息网|各校招生简章,4+0,
MOE-SN-NOCODE-西安邮电,L1,B,西安邮电大学纽黑文信息工程学院,,陕西,,4+0,高考统招,见招生简章,双学位,,,,2,none,,教育部涉外监管信息网|各校招生简章,4+0,
MOE-SN-NOCODE-西安文理,L1,B,西安文理学院北帕默斯顿学院,,陕西,,4+0,高考统招,见招生简章,双学位,,,,2,none,,教育部涉外监管信息网|各校招生简章,4+0,
MOE-SN-NOCODE-西安航空,L1,B,西安航空学院怀卡托学院,,陕西,,4+0,高考统招,见招生简章,双学位,,,,2,none,,教育部涉外监管信息网|各校招生简章,4+0,
MOE-SN-NOCODE-西北农林,L1,B,西北农林科技大学梅西学院,,陕西,,4+0,高考统招,见招生简章,双学位,,,,2,none,,教育部涉外监管信息网|各校招生简章,4+0,
MOE-SN-NOCODE-陕西师范,L1,B,陕西师范大学塞格德国际学院,,陕西,,4+0,高考统招,见招生简章,双学位,,,,2,none,,教育部涉外监管信息网|各校招生简章,4+0,
MOE-SN-NOCODE-西安建筑-2,L1,B,西安建筑科技大学坎特伯雷国际理工学院,,陕西,,4+0,高考统招,见招生简章,双学位,,,,2,none,,教育部涉外监管信息网|各校招生简章,4+0,
MOE-SN-NOCODE-西安医,L1,B,西安医学院伦敦城市健康学院,,陕西,,4+0,高考统招,见招生简章,双学位,,,,2,none,,教育部涉外监管信息网|各校招生简章,4+0,
MOE-SX-NOCODE-山西财经,L1,B,山西财经大学中德学院,,山西,,4+0,高考统招,见招生简章,双学位,,,,2,none,,教育部涉外监管信息网|各校招生简章,4+0,
MOE-SX-NOCODE-山西医科,L1,B,山西医科大学伍尔弗汉普顿国际健康学院,,山西,,4+0,高考统招,见招生简章,双学位,,,,2,none,,教育部涉外监管信息网|各校招生简章,4+0,
MOE-HL-NOCODE-东北林业,L1,B,东北林业大学奥林学院,,黑龙江,,4+0,高考统招,见招生简章,双学位,,,,2,none,,教育部涉外监管信息网|各校招生简章,4+0,
MOE-HL-NOCODE-哈尔滨工-4,L1,B,哈尔滨工程大学南安普顿海洋工程联合学院,,黑龙江,,4+0,高考统招,见招生简章,双学位,,,,2,none,,教育部涉外监管信息网|各校招生简章,4+0,
MOE-HL-NOCODE-东北石油,L1,B,东北石油大学国际石油天然气工程学院,,黑龙江,,4+0,高考统招,见招生简章,双学位,,,,2,none,,教育部涉外监管信息网|各校招生简章,4+0,
MOE-HL-NOCODE-黑龙江,L1,B,黑龙江大学新西伯利亚国立大学联合学院,,黑龙江,,4+0,高考统招,见招生简章,双学位,,,,2,none,,教育部涉外监管信息网|各校招生简章,4+0,
MOE-HL-NOCODE-哈尔滨体,L1,B,哈尔滨体育学院国际冬季运动学院,,黑龙江,,4+0,高考统招,见招生简章,双学位,,,,2,none,,教育部涉外监管信息网|各校招生简章,4+0,
MOE-HL-NOCODE-黑龙江科,L1,B,黑龙江科技大学智能工程国际学院,,黑龙江,,4+0,高考统招,见招生简章,双学位,,,,2,none,,教育部涉外监管信息网|各校招生简章,4+0,
MOE-HL-NOCODE-齐齐哈尔,L1,B,齐齐哈尔大学中俄工业技术与设计学院,,黑龙江,,4+0,高考统招,见招生简章,双学位,,,,2,none,,教育部涉外监管信息网|各校招生简章,4+0,
MOE-HL-NOCODE-佳木斯,L1,B,佳木斯大学远交大联合理工学院,,黑龙江,,4+0,高考统招,见招生简章,双学位,,,,2,none,,教育部涉外监管信息网|各校招生简章,4+0,
MOE-HL-NOCODE-大庆师范,L1,B,大庆师范学院国际理工学院,,黑龙江,,4+0,高考统招,见招生简章,双学位,,,,2,none,,教育部涉外监管信息网|各校招生简章,4+0,
MOE-LN-NOCODE-辽宁,L1,B,辽宁大学亚澳商学院,,辽宁,,4+0,高考统招,见招生简章,双学位,,,,2,none,,教育部涉外监管信息网|各校招生简章,4+0,
MOE-LN-NOCODE-辽宁-2,L1,B,辽宁大学新华国际商学院,,辽宁,,4+0,高考统招,见招生简章,双学位,,,,2,none,,教育部涉外监管信息网|各校招生简章,4+0,
MOE-LN-NOCODE-辽宁师范,L1,B,辽宁师范大学国际商学院,,辽宁,,4+0,高考统招,见招生简章,双学位,,,,2,none,,教育部涉外监管信息网|各校招生简章,4+0,
MOE-LN-NOCODE-沈阳师范,L1,B,沈阳师范大学国际商学院,,辽宁,,4+0,高考统招,见招生简章,双学位,,,,2,none,,教育部涉外监管信息网|各校招生简章,4+0,
MOE-LN-NOCODE-东北财经,L1,B,东北财经大学萨里国际学院,,辽宁,,4+0,高考统招,"¥60,000/年",双学位,,,,2,none,,教育部涉外监管信息网|各校招生简章,4+0,
MOE-LN-NOCODE-中国医科,L1,B,中国医科大学-贝尔法斯特女王大学联合学院,,辽宁,,4+0,高考统招,见招生简章,双学位,,,,2,none,,教育部涉外监管信息网|各校招生简章,4+0,
MOE-LN-NOCODE-大连交通,L1,B,大连交通大学远交大交通学院,,辽宁,,4+0,高考统招,见招生简章,双学位,,,,2,none,,教育部涉外监管信息网|各校招生简章,4+0,
MOE-LN-NOCODE-大连海事,L1,B,大连海事大学休斯顿国际学院,,辽宁,,4+0,高考统招,见招生简章,双学位,,,,2,none,,教育部涉外监管信息网|各校招生简章,4+0,
MOE-LN-NOCODE-沈阳航空,L1,B,沈阳航空航天大学哈尔科夫航空学院,,辽宁,,4+0,高考统招,见招生简章,双学位,,,,2,none,,教育部涉外监管信息网|各校招生简章,4+0,
MOE-LN-NOCODE-沈阳理工,L1,B,沈阳理工大学托木斯克理工大学国际工程学院,,辽宁,,4+0,高考统招,见招生简章,双学位,,,,2,none,,教育部涉外监管信息网|各校招生简章,4+0,
MOE-LN-NOCODE-沈阳建筑,L1,B,沈阳建筑大学坎特伯雷理工国际工程学院,,辽宁,,4+0,高考统招,见招生简章,双学位,,,,2,none,,教育部涉外监管信息网|各校招生简章,4+0,
MOE-LN-NOCODE-沈阳,L1,B,沈阳大学又石智能科技学院,,辽宁,,4+0,高考统招,见招生简章,双学位,,,,2,none,,教育部涉外监管信息网|各校招生简章,4+0,
MOE-LN-NOCODE-大连工业,L1,B,大连工业大学白俄罗斯国立工艺大学联合学院,,辽宁,,4+0,高考统招,见招生简章,双学位,,,,2,none,,教育部涉外监管信息网|各校招生简章,4+0,
MOE-LN-NOCODE-辽宁工程,L1,B,辽宁工程技术大学乌拉尔智能工程学院,,辽宁,,4+0,高考统招,见招生简章,双学位,,,,2,none,,教育部涉外监管信息网|各校招生简章,4+0,
MOE-LN-NOCODE-大连海事-2,L1,B,大连海事大学思克莱德海事工程学院,,辽宁,,4+0,高考统招,见招生简章,双学位,,,,2,none,,教育部涉外监管信息网|各校招生简章,4+0,
MOE-LN-NOCODE-大连外国,L1,B,大连外国语大学阿威罗国际学院,,辽宁,,4+0,高考统招,见招生简章,双学位,,,,2,none,,教育部涉外监管信息网|各校招生简章,4+0,
MOE-LN-NOCODE-沈阳体育,L1,B,沈阳体育学院国际体育与健康学院,,辽宁,,4+0,高考统招,见招生简章,双学位,,,,2,none,,教育部涉外监管信息网|各校招生简章,4+0,
MOE-LN-NOCODE-辽宁科技,L1,B,辽宁科技大学威瑟堡先进制造联合学院,,辽宁,,4+0,高考统招,见招生简章,双学位,,,,2,none,,教育部涉外监管信息网|各校招生简章,4+0,
MOE-JL-NOCODE-东北师范,L1,B,东北师范大学罗格斯大学纽瓦克学院,,吉林,,4+0,高考统招,见招生简章,双学位,,,,2,none,,教育部涉外监管信息网|各校招生简章,4+0,
MOE-JL-NOCODE-长春理工,L1,B,长春理工大学圣光机大学联合学院,,吉林,,4+0,高考统招,见招生简章,双学位,,,,2,none,,教育部涉外监管信息网|各校招生简章,4+0,
MOE-JL-NOCODE-长春,L1,B,长春大学启明学院,,吉林,,4+0,高考统招,见招生简章,双学位,,,,2,none,,教育部涉外监管信息网|各校招生简章,4+0,
MOE-JL-NOCODE-长春-2,L1,B,长春大学国际特殊教育学院,,吉林,,4+0,高考统招,见招生简章,双学位,,,,2,none,,教育部涉外监管信息网|各校招生简章,4+0,
MOE-JL-NOCODE-长春工业,L1,B,长春工业大学国际未来技术学院,,吉林,,4+0,高考统招,见招生简章,双学位,,,,2,none,,教育部涉外监管信息网|各校招生简章,4+0,
MOE-JL-NOCODE-长春师范,L1,B,长春师范大学奥伦堡国际理学院,,吉林,,4+0,高考统招,见招生简章,双学位,,,,2,none,,教育部涉外监管信息网|各校招生简章,4+0,
MOE-GX-NOCODE-北部湾,L1,B,北部湾大学东密歇根联合工程学院,,广西,密歇根大学（US）,4+0,高考统招,见招生简章,双学位,,,,2,none,,教育部涉外监管信息网|各校招生简章,4+0,
MOE-GX-NOCODE-南宁师范,L1,B,南宁师范大学欧亚理工学院,,广西,,4+0,高考统招,见招生简章,双学位,,,,2,none,,教育部涉外监管信息网|各校招生简章,4+0,
MOE-GX-NOCODE-桂林旅游,L1,B,桂林旅游学院威斯康星国际学院,,广西,,4+0,高考统招,见招生简章,双学位,,,,2,none,,教育部涉外监管信息网|各校招生简章,4+0,
MOE-GX-NOCODE-桂林理工,L1,B,桂林理工大学亚太信息技术学院,,广西,,4+0,高考统招,见招生简章,双学位,,,,2,none,,教育部涉外监管信息网|各校招生简章,4+0,
MOE-GX-NOCODE-广西科技,L1,B,广西科技大学爱丁堡龙比亚联合学院,,广西,爱丁堡大学（UK）,4+0,高考统招,见招生简章,双学位,,,,2,none,,教育部涉外监管信息网|各校招生简章,4+0,
MOE-GX-NOCODE-柳州职业,L1,B,柳州职业技术大学白俄罗斯国立技术大学联合学院,,广西,,4+0,高考统招,见招生简章,双学位,,,,2,none,,教育部涉外监管信息网|各校招生简章,4+0,
MOE-YN-NOCODE-云南,L1,B,云南大学云南马来亚学院,,云南,,4+0,高考统招,见招生简章,双学位,,,,2,none,,教育部涉外监管信息网|各校招生简章,4+0,
MOE-YN-NOCODE-昆明理工,L1,B,昆明理工大学马来西亚理工学院,,云南,,4+0,高考统招,见招生简章,双学位,,,,2,none,,教育部涉外监管信息网|各校招生简章,4+0,
MOE-YN-NOCODE-西南林业,L1,B,西南林业大学泰和林学院,,云南,,4+0,高考统招,见招生简章,双学位,,,,2,none,,教育部涉外监管信息网|各校招生简章,4+0,
MOE-YN-NOCODE-云南财经,L1,B,云南财经大学格林尼治学院,,云南,,4+0,高考统招,见招生简章,双学位,,,,2,none,,教育部涉外监管信息网|各校招生简章,4+0,
MOE-YN-NOCODE-云南农业,L1,B,云南农业大学伍尔弗汉普顿大学农业工程学院,,云南,,4+0,高考统招,见招生简章,双学位,,,,2,none,,教育部涉外监管信息网|各校招生简章,4+0,
MOE-GZ-NOCODE-贵州财经,L1,B,贵州财经大学西密歇根学院,,贵州,密歇根大学（US）,4+0,高考统招,见招生简章,双学位,,,,2,none,,教育部涉外监管信息网|各校招生简章,4+0,
MOE-GZ-NOCODE-贵州,L1,B,贵州大学北阿拉巴马国际工程技术学院,,贵州,,4+0,高考统招,见招生简章,双学位,,,,2,none,,教育部涉外监管信息网|各校招生简章,4+0,
MOE-GZ-NOCODE-贵州理工,L1,B,贵州理工学院哈瓦那科技大学联合学院,,贵州,,4+0,高考统招,见招生简章,双学位,,,,2,none,,教育部涉外监管信息网|各校招生简章,4+0,
MOE-GZ-NOCODE-贵州商,L1,B,贵州商学院悉尼国际管理学院联合学院,,贵州,,4+0,高考统招,见招生简章,双学位,,,,2,none,,教育部涉外监管信息网|各校招生简章,4+0,
MOE-GZ-NOCODE-贵州民族,L1,B,贵州民族大学林肯联合学院,,贵州,,4+0,高考统招,见招生简章,双学位,,,,2,none,,教育部涉外监管信息网|各校招生简章,4+0,
MOE-GZ-NOCODE-贵州师范,L1,B,贵州师范学院中意创新设计与科技学院,,贵州,,4+0,高考统招,见招生简章,双学位,,,,2,none,,教育部涉外监管信息网|各校招生简章,4+0,
MOE-NM-NOCODE-内蒙古农,L1,B,内蒙古农业大学中俄未来农业学院,,内蒙古,,4+0,高考统招,见招生简章,双学位,,,,2,none,,教育部涉外监管信息网|各校招生简章,4+0,
MOE-BJ-10034-中央财经,L1,B,中央财经大学中澳合作项目,,北京,"维多利亚大学（AU）/ Victoria University, Australia",4+0（可2+2）,纳入国家普通高等学校招生计划,"¥130,000/年",中澳双学位,10034,,700,3,none,,教育部涉外监管信息网|各校招生简章,4+0,
MOE-JL-MOE22CAA02DFR19990134O-吉林,L1,B,吉林大学莱姆顿学院,,吉林,加拿大莱姆顿应用技术学院（CA）/ Lambton College; 美国诺斯伍德大学 / Northwood University,4+0,自主招生（计划外）,"¥65,000/年",外方学位（北美体系）,MOE22CAA02DFR19990134O,,0,2,none,,教育部涉外监管信息网|各校招生简章,4+0,
MOE-TJ-NOCODE-天津音乐,L1,B,天津音乐学院（茱莉亚研究院）,,天津,美国茱莉亚学院,全日制,自主招生,20万,硕士学位,,,,5,none,,教育部涉外监管信息网|各校招生简章,其他,
MOE-JL-NOCODE-东北师范-2,L1,B,东北师范大学（列宾美术学院）,,吉林,俄罗斯圣彼得堡列宾美术学院,全日制,高考统招/考研统招,4万,双学位,,,,4,none,,教育部涉外监管信息网|各校招生简章,其他,
MOE-JL-NOCODE-东北师范-3,L1,B,东北师范大学（博洛尼亚音乐学院）,,吉林,意大利博洛尼亚音乐学院,全日制,高考统招/考研统招,4万,双学位,,,,4,none,,教育部涉外监管信息网|各校招生简章,其他,
MOE-HB-NOCODE-华中师范,L1,B,华中师范大学（伍伦贡联合研究院）,,湖北,澳大利亚伍伦贡大学,全日制,考研统招/推免,8万,双硕士学位,,,193,3,none,,教育部涉外监管信息网|各校招生简章,其他,
MOE-FJ-NOCODE-华侨,L1,B,华侨大学（国际新能源学院）,,福建,新加坡国立大学等,全日制,考研统招,5万,双学位,,,8,3,none,,教育部涉外监管信息网|各校招生简章,其他,
MOE-GD-NOCODE-广东外语,L1,B,广东外语外贸大学（密茨凯维奇创新学院）,,广东,波兰密茨凯维奇大学,全日制,高考统招/考研统招,5万,双学位,,,,2,none,,教育部涉外监管信息网|各校招生简章,其他,
MOE-YN-NOCODE-昆明医科,L1,B,昆明医科大学（玛希隆大学合作医学院）,,云南,泰国玛希隆大学,全日制,高考统招/考研统招,3万,双学位,,,256,2,none,,教育部涉外监管信息网|各校招生简章,其他,
MOE-HL-NOCODE-哈尔滨师,L1,B,哈尔滨师范大学（国际美术学院）,,黑龙江,俄罗斯莫斯科国立苏里科夫美术学院等,全日制,高考统招/考研统招,3.5万,双学位,,,,2,none,,教育部涉外监管信息网|各校招生简章,其他,
MOE-GD-NOCODE-华南师范-2,L1,B,华南师范大学（雷恩数智商学院）,,广东,法国雷恩商学院,全日制,考研统招,8万,双学位,,,,3,none,,教育部涉外监管信息网|各校招生简章,其他,
MOE-HI-NOCODE-海南师范,L1,B,海南师范大学（国际美术学院）,,海南,意大利罗马美术学院等,全日制,高考统招/考研统招,4万,双学位,,,,2,none,,教育部涉外监管信息网|各校招生简章,其他,
MOE-FJ-NOCODE-集美,L1,B,集美大学（库克学院合作项目）,,福建,美国库克大学（Keuka College）,4+0,高考统招/自主招生,"¥59,000",外方学士学位,,,,2,none,,教育部涉外监管信息网|各校招生简章,4+0,
MOE-JX-NOCODE-华东交通,L1,B,华东交通大学（国际本科项目）,,江西,英国/澳洲多所大学,2+2,自主招生,"¥49,800",外方学士学位,,,,2,none,,教育部涉外监管信息网|各校招生简章,2+2,
MOE-JL-NOCODE-东北师范-4,L1,B,东北师范大学列宾美术学院,,吉林,待确认,,,见招生简章,双学位,,,,,none,,教育部涉外监管信息网|各校招生简章,其他,
MOE-JL-NOCODE-东北师范-5,L1,B,东北师范大学博洛尼亚音乐学院,,吉林,待确认,,,见招生简章,双学位,,,,,none,,教育部涉外监管信息网|各校招生简章,其他,
MOE-HB-NOCODE-中国地质,L1,B,中国地质大学（武汉）安哈尔特智能工程与可持续发展学院,,湖北,"Hochschule Anhalt, Deutschland（德国安哈尔特应用技术大学）",4+0,高考统招,"¥72,000–75,000/学年（视专业）",双学位,,,,2,none,,教育部涉外监管信息网|各校招生简章,4+0,
MOE-BJ-NOCODE-中国矿业,L1,B,中国矿业大学（北京）莱奥本国际工程学院,,北京,"Montanuniversität Leoben, Austria（奥地利莱奥本矿业大学）",4+0,高考统招,待公布（2026年首届招生）,双学位,,,,2,none,,教育部涉外监管信息网|各校招生简章,4+0,
MOE-HB-NOCODE-华中师范-2,L1,B,华中师范大学伍伦贡联合研究院,,湖北,待确认,,,见招生简章,双学位,,,,,none,,教育部涉外监管信息网|各校招生简章,其他,
MOE-FJ-NOCODE-华侨-2,L1,B,华侨大学国际新能源学院,,福建,待确认,,,见招生简章,双学位,,,,,none,,教育部涉外监管信息网|各校招生简章,其他,
MOE-GD-NOCODE-华南师范-3,L1,B,华南师范大学雷恩数智商学院,,广东,待确认,,,见招生简章,双学位,,,,,none,,教育部涉外监管信息网|各校招生简章,其他,
MOE-HL-NOCODE-哈尔滨师-2,L1,B,哈尔滨师范大学国际美术学院,,黑龙江,待确认,,,见招生简章,双学位,,,,,none,,教育部涉外监管信息网|各校招生简章,其他,
MOE-TJ-NOCODE-天津音乐-2,L1,B,天津音乐学院茱莉亚研究院,,天津,待确认,,,见招生简章,双学位,,,,,none,,教育部涉外监管信息网|各校招生简章,其他,
MOE-GD-NOCODE-广东外语-2,L1,B,广东外语外贸大学密茨凯维奇创新学院,,广东,待确认,,,见招生简章,双学位,,,,,none,,教育部涉外监管信息网|各校招生简章,其他,
MOE-YN-NOCODE-昆明医科-2,L1,B,昆明医科大学玛希隆大学合作医学院,,云南,待确认,,,见招生简章,双学位,,,,,none,,教育部涉外监管信息网|各校招生简章,其他,
MOE-HI-NOCODE-海南师范-2,L1,B,海南师范大学国际美术学院,,海南,待确认,,,见招生简章,双学位,,,,,none,,教育部涉外监管信息网|各校招生简章,其他,
MOE-JS-NOCODE-江苏-2,L1,B,江苏大学克兰菲尔德未来技术研究生院,,江苏,英国克兰菲尔德大学,硕士层次,,见招生简章,双学位,,,,2,none,,教育部涉外监管信息网|各校招生简章,其他,
MOE-GX-NOCODE-广西民族,L1,B,广西民族大学首尔科大人工智能国际研究生院,,广西,韩国首尔科学技术大学,硕士层次,,见招生简章,双学位,,,,2,none,,教育部涉外监管信息网|各校招生简章,其他,
MOE-ZJ-NOCODE-浙江海洋,L1,B,浙江海洋大学比萨海洋研究生学院,,浙江,意大利比萨大学,硕士层次,,见招生简章,双学位,,,,2,none,,教育部涉外监管信息网|各校招生简章,其他,
MOE-BJ-NOCODE-中国石油,L1,B,中国石油大学（北京）塔尔萨国际能源学院,,北京,塔尔萨大学（US）,4+0,高考统招,"¥90,000/学年",双学位,,,,2,none,,教育部涉外监管信息网|各校招生简章,4+0,
NM-2-BJ-001,L2,,中央财经大学中澳合作4+0（计划外）,中央财经大学,北京,维多利亚大学（AU）,4+0,计划外自主招生：高考总分不低于当地本科线，英语≥80分（满分150），择优录取,"国内¥130,000/年，全程4年约¥520,000；可大二后自费赴澳",澳大利亚维多利亚大学商学学士学位（中留服可认证），无中方学位,,MOE备案计划外（自主招生）,,,low,"MOE备案(MOE11AU2A20040440O),仅外方学位,中留服认证,计划外自主招生80人/年(至2026年)",教育部涉外监管信息网|中留服项目名单|各校招生简章（公开渠道采集，非官方排名）,4+0,single
NM-2-BJ-002,L2,,北京理工大学中英电子工程3+0,北京理工大学,北京,英国中央兰开夏大学,3+0（国内3年）,自主招生（计划外，不看高考成绩）,"¥70,000",外方学士学位 + 中留服认证,,MOE备案计划外（自主招生）,,,low,MOE已备案（可在crs.jsj.edu.cn查询），外方学位+中留服认证。不颁发中方学位，考公考编部分岗位可能受限。,教育部涉外监管信息网|中留服项目名单|各校招生简章（公开渠道采集，非官方排名）,3+0,single
NM-2-FJ-001,L2,,集美大学库克4+0（计划外）,集美大学,福建,美国库克大学（Keuka College）,4+0,自主招生（计划外，不看高考成绩）,"¥36,000",外方学士学位 + 中留服认证,,MOE备案计划外（自主招生）,,,low,MOE已备案（可在crs.jsj.edu.cn查询），外方学位+中留服认证。不颁发中方学位，考公考编部分岗位可能受限。,教育部涉外监管信息网|中留服项目名单|各校招生简章（公开渠道采集，非官方排名）,4+0,single
NM-2-JL-001,L2,,吉林大学莱姆顿学院4+0（计划外）,吉林大学,吉林,加拿大莱姆顿学院/美国诺斯伍德大学,4+0,自主招生（计划外，不看高考成绩）,"¥45,000",外方学士学位 + 中留服认证,,MOE备案计划外（自主招生）,,,low,MOE已备案（可在crs.jsj.edu.cn查询），外方学位+中留服认证。不颁发中方学位，考公考编部分岗位可能受限。,教育部涉外监管信息网|中留服项目名单|各校招生简章（公开渠道采集，非官方排名）,4+0,single
NM-2-LN-001,L2,,沈阳师范大学国际商学院4+0（计划外）,沈阳师范大学,辽宁,美国富特海斯州立大学（Fort Hays State）,4+0,自主招生（计划外，不看高考成绩）,"¥35,000",外方学士学位 + 中留服认证,,MOE备案计划外（自主招生）,,,low,MOE已备案（可在crs.jsj.edu.cn查询），外方学位+中留服认证。不颁发中方学位，考公考编部分岗位可能受限。,教育部涉外监管信息网|中留服项目名单|各校招生简章（公开渠道采集，非官方排名）,4+0,single
NM-2-SH-001,L2,,上海大学悉尼工商学院4+0（计划外）,上海大学,上海,悉尼科技大学（AU）,4+0,自主招生（计划外，不看高考成绩）,"¥49,000",外方学士学位 + 中留服认证,,MOE备案计划外（自主招生）,,,low,MOE已备案（可在crs.jsj.edu.cn查询），外方学位+中留服认证。不颁发中方学位，考公考编部分岗位可能受限。,教育部涉外监管信息网|中留服项目名单|各校招生简章（公开渠道采集，非官方排名）,4+0,single
NM-2-SH-002,L2,,上海理工大学中英国际学院4+0（计划外）,上海理工大学,上海,布拉德福德大学等9所英国大学,4+0,自主招生（计划外，不看高考成绩）,"¥80,000",外方学士学位 + 中留服认证,,MOE备案计划外（自主招生）,,,low,MOE已备案（可在crs.jsj.edu.cn查询），外方学位+中留服认证。不颁发中方学位，考公考编部分岗位可能受限。,教育部涉外监管信息网|中留服项目名单|各校招生简章（公开渠道采集，非官方排名）,4+0,single
NM-3-BJ-001,L3,,中国农业大学中英国际本科2+2,中国农业大学,北京,萨里大学/赫瑞瓦特大学/普利茅斯大学/德蒙福特大学（中留服战略合作伙伴）,2+2（1+3可选）,自主招生（高考本科线+英语≥90分，参加学院入学英语测试）,"¥60,000",海外大学学士学位+中留服认证,,中留服国际本科项目,,,medium,"中留服战略合作伙伴(2011年起),985高校。70%外教授课,全英文教学。无中方学位,外方学位可认证。多数毕业生升入QS前100读研。",教育部涉外监管信息网|中留服项目名单|各校招生简章（公开渠道采集，非官方排名）,2+2,single
NM-3-BJ-002,L3,,中国石油大学（北京）SQA 3+1,中国石油大学（北京）,北京,英国多所合作大学（SQA体系）,3+1,自主招生（不看高考成绩，通过校考入学）,"¥65,000",SQA Advanced Diploma（国内3年）+ 海外大学学士学位（国外1年）+ 中留服认证,,中留服SQA 3+1项目,,,medium,中留服备案SQA项目。211工科强校，北京校区就读。外方学位可认证，无中方学位。,教育部涉外监管信息网|中留服项目名单|各校招生简章（公开渠道采集，非官方排名）,3+1,single
NM-3-BJ-003,L3,,中央财经大学SQA 3+1,中央财经大学,北京,英国多所合作大学（SQA体系）,3+1,自主招生（不看高考成绩，通过校考入学）,"¥98,000",SQA Advanced Diploma（国内3年）+ 海外大学学士学位（国外1年）+ 中留服认证,,中留服SQA 3+1项目,,,medium,中留服备案的SQA项目，外方学位可认证。需注意：1)必须完成海外最后一年才能拿学位 2)对接的海外大学层次参差不齐 3)无中方学位，考公考编受限。,教育部涉外监管信息网|中留服项目名单|各校招生简章（公开渠道采集，非官方排名）,3+1,single
NM-3-BJ-004,L3,,中央财经大学国际本科2+2,中央财经大学,北京,伦敦政治经济学院(LSE)、澳大利亚伍伦贡大学等,2+2,自主招生,"¥88,000",海外大学学士学位+中留服认证,,中留服国际本科项目,,,medium,211财经强校，可豁免ACCA 6门考试。88%进全球TOP100，30%获G5硕士录取。25%毕业生入职四大/投行。无中方学位。,教育部涉外监管信息网|中留服项目名单|各校招生简章（公开渠道采集，非官方排名）,2+2,single
NM-3-BJ-005,L3,,北京交通大学SQA 3+1,北京交通大学,北京,英国多所合作大学（SQA体系）,3+1,自主招生（不看高考成绩，通过校考入学）,"¥70,000",SQA Advanced Diploma（国内3年）+ 海外大学学士学位（国外1年）+ 中留服认证,,中留服SQA 3+1项目,,,medium,中留服备案的SQA项目，外方学位可认证。需注意：1)必须完成海外最后一年才能拿学位 2)对接的海外大学层次参差不齐 3)无中方学位，考公考编受限。,教育部涉外监管信息网|中留服项目名单|各校招生简章（公开渠道采集，非官方排名）,3+1,single
NM-3-BJ-006,L3,,北京工商大学国际教育学院2+2,北京工商大学,北京,梅西大学/约克大学(加)/迪肯大学/萨塞克斯大学/埃塞克斯大学/班戈大学等（中留服全面战略合作伙伴）,2+2（也可选1+3）,自主招生（高考本科线+英语≥120分/雅思6.0/托福75免笔试，否则参加入学选拔测试）,"¥56,000",海外大学学士学位+中留服认证 + 北京工商大学结业证书,,中留服国际本科项目,,,medium,"中留服全面战略合作伙伴,北京市重点高校。商科/轻工/食品为特色。共享阜成路校区资源。无中方学位,外方学位可认证。",教育部涉外监管信息网|中留服项目名单|各校招生简章（公开渠道采集，非官方排名）,2+2,single
NM-3-BJ-007,L3,,北京理工大学SQA 3+1,北京理工大学,北京,英国多所合作大学（SQA体系）,3+1,自主招生（不看高考成绩，通过校考入学）,"¥75,000（商科）/ ¥79,800（计算机）",SQA Advanced Diploma（国内3年）+ 海外大学学士学位（国外1年）+ 中留服认证,,中留服SQA 3+1项目,,,medium,中留服备案的SQA项目，外方学位可认证。需注意：1)必须完成海外最后一年才能拿学位 2)对接的海外大学层次参差不齐 3)无中方学位，考公考编受限。,教育部涉外监管信息网|中留服项目名单|各校招生简章（公开渠道采集，非官方排名）,3+1,single
NM-3-BJ-008,L3,,北京电影学院出国留学基地2+2,北京电影学院,北京,英美多所艺术类合作大学（中留服战略合作伙伴）,2+2,自主招生（初试：专业面试；复试：英语测试。英语≥75分或雅思≥4.0可免英语测试）,见招生简章,北京电影学院结业证书 + 海外大学学士学位 + 中留服认证,,中留服国际本科项目,,,medium,"中留服战略合作伙伴(2013年),国内首个电影艺术国际留学项目。按专业面试排名录取。无中方学位,获北电结业证书。外方学位可认证。",教育部涉外监管信息网|中留服项目名单|各校招生简章（公开渠道采集，非官方排名）,2+2,single
NM-3-BJ-009,L3,,北京第二外国语学院SQA 3+1,北京第二外国语学院,北京,英国多所合作大学（SQA体系）,3+1,自主招生（不看高考成绩，通过校考入学）,"¥78,000",SQA Advanced Diploma（国内3年）+ 海外大学学士学位（国外1年）+ 中留服认证,,中留服SQA 3+1项目,,,medium,中留服备案的SQA项目，外方学位可认证。需注意：1)必须完成海外最后一年才能拿学位 2)对接的海外大学层次参差不齐 3)无中方学位，考公考编受限。,教育部涉外监管信息网|中留服项目名单|各校招生简章（公开渠道采集，非官方排名）,3+1,single
NM-3-BJ-010,L3,,对外经济贸易大学SQA 3+1,对外经济贸易大学,北京,英国多所合作大学（SQA体系）,3+1,自主招生（不看高考成绩，通过校考入学）,"¥89,800",SQA Advanced Diploma（国内3年）+ 海外大学学士学位（国外1年）+ 中留服认证,,中留服SQA 3+1项目,,,medium,中留服备案的SQA项目，外方学位可认证。需注意：1)必须完成海外最后一年才能拿学位 2)对接的海外大学层次参差不齐 3)无中方学位，考公考编受限。,教育部涉外监管信息网|中留服项目名单|各校招生简章（公开渠道采集，非官方排名）,3+1,single
NM-3-BJ-011,L3,,对外经济贸易大学国际本科2+2,对外经济贸易大学,北京,杜伦大学、拉夫堡大学、香港大学、奥克兰大学等,2+2,自主招生（全国限招100人）,"¥98,000",海外大学学士学位+中留服认证,,中留服国际本科项目,,,medium,211财经外语强校。对接英/美/澳/加/新/马/香港多国院校。中留服备案。无中方学位。,教育部涉外监管信息网|中留服项目名单|各校招生简章（公开渠道采集，非官方排名）,2+2,single
NM-3-BJ-012,L3,,首都师范大学SQA 3+1,首都师范大学,北京,英国多所合作大学（SQA体系）,3+1,自主招生（不看高考成绩，通过校考入学）,"¥69,800",SQA Advanced Diploma（国内3年）+ 海外大学学士学位（国外1年）+ 中留服认证,,中留服SQA 3+1项目,,,medium,中留服备案的SQA项目，外方学位可认证。需注意：1)必须完成海外最后一年才能拿学位 2)对接的海外大学层次参差不齐 3)无中方学位，考公考编受限。,教育部涉外监管信息网|中留服项目名单|各校招生简章（公开渠道采集，非官方排名）,3+1,single
NM-3-BJ-013,L3,,首都经济贸易大学国际本科2+2,首都经济贸易大学,北京,曼彻斯特大学(QS34)、新南威尔士大学(QS19)等QS前100院校,2+2,自主招生（全国限招50人）,"¥68,000",海外大学学士学位+中留服认证,,中留服国际本科项目,,,medium,中留服备案项目。92%毕业生进入QS前100，37%直通世界TOP50硕士。总成本比直接留学省50万+。无中方学位。,教育部涉外监管信息网|中留服项目名单|各校招生简章（公开渠道采集，非官方排名）,2+2,single
NM-3-CQ-001,L3,,西南政法大学国际本科2+2,西南政法大学,重庆,英美澳多所合作大学（中留服战略合作伙伴）,2+2,自主招生,见招生简章,海外大学学士学位+中留服认证,,中留服国际本科项目,,,medium,"中留服战略合作伙伴,法学名校(五院四系)。法学专业特色突出。无中方学位,外方学位可认证。",教育部涉外监管信息网|中留服项目名单|各校招生简章（公开渠道采集，非官方排名）,2+2,single
NM-3-CQ-002,L3,,重庆工商大学国际本科2+2,重庆工商大学,重庆,萨塞克斯大学（UK）/考文垂大学/阿德莱德大学（AU）/莫纳什大学（AU）/纽卡斯尔大学/乔治梅森大学（US）等,2+2,计划外自主招生,"国内59,800-69,800元/年；国外约15-25万/年",外方大学学士学位，教育部留学服务中心认证,,中留服国际本科项目,,,medium,中留服全面战略合作伙伴，西南首所CSCSE全面战略合作院校，外方学位+中留服认证,教育部涉外监管信息网|中留服项目名单|各校招生简章（公开渠道采集，非官方排名）,2+2,other
NM-3-FJ-001,L3,,厦门大学SQA 3+1,厦门大学,福建,英国多所合作大学（SQA体系）,3+1,自主招生（不看高考成绩，通过校考入学）,"¥90,000",SQA Advanced Diploma（国内3年）+ 海外大学学士学位（国外1年）+ 中留服认证,,中留服SQA 3+1项目,,,medium,中留服备案的SQA项目，外方学位可认证。需注意：1)必须完成海外最后一年才能拿学位 2)对接的海外大学层次参差不齐 3)无中方学位，考公考编受限。,教育部涉外监管信息网|中留服项目名单|各校招生简章（公开渠道采集，非官方排名）,3+1,single
NM-3-FJ-002,L3,,厦门大学国际本科2+2,厦门大学,福建,英国/澳洲/美国多所大学,2+2,自主招生,"¥80,000",海外大学学士学位+中留服认证,,中留服国际本科项目,,,medium,985高校资源优势，对接院校层次高。全程总花费约90万+。无中方学位。,教育部涉外监管信息网|中留服项目名单|各校招生简章（公开渠道采集，非官方排名）,2+2,single
NM-3-FJ-003,L3,,福建师范大学协和学院SQA 3+1,福建师范大学协和学院,福建,英国多所合作大学（SQA体系）,3+1（也可选4+0获中方学位）,统招（计划内，需填报SQA专业志愿，福建考生英语单科≥60%）,"¥28,000",SQA Advanced Diploma（国内3年）+ 海外大学学士学位（国外1年）+ 中留服认证 + 中方学位（可选）,,中留服SQA 3+1项目,,,medium,"中留服备案的SQA项目。纳入全国统招计划,可选3+1获双学位或4+0仅获中方学位。外方学位可认证。",教育部涉外监管信息网|中留服项目名单|各校招生简章（公开渠道采集，非官方排名）,3+1,dual
NM-3-FJ-004,L3,,福建江夏学院SQA 3+1,福建江夏学院,福建,英国/加/澳/新西兰44所合作院校（SQA体系）,3+1（也可选4+0获中方学位）,统招（计划内，高考本科线+英语单科≥60%，按分数优先录取）,"¥28,000",SQA Advanced Diploma（国内3年）+ 海外大学学士学位（国外1年）+ 中留服认证 + 中方学位（可选）,,中留服SQA 3+1项目,,,medium,"中留服备案的SQA项目,省属公办本科。可选3+1获双学位或4+0仅获中方学位。雅思4.5分方可注册SQA学籍。外方学位可认证。",教育部涉外监管信息网|中留服项目名单|各校招生简章（公开渠道采集，非官方排名）,3+1,dual
NM-3-FJ-005,L3,,集美大学战略合作伙伴2+2,集美大学,福建,诺丁汉大学(马来分校)/英国/澳大利亚/日本环太平洋大学等（中留服战略合作伙伴）,2+2,自主招生（高考英语≥100分或雅思≥5.0优先，需提交英语自我介绍视频）,"¥68,000",海外大学学士学位+中留服认证,,中留服国际本科项目,,,medium,"中留服战略合作伙伴(2016年),福建省唯一战略合作伙伴院校。诺丁汉马来分校可大三转英国本校。入学即在中留服备案。无中方学位。",教育部涉外监管信息网|中留服项目名单|各校招生简章（公开渠道采集，非官方排名）,2+2,single
NM-3-GD-001,L3,,北京理工大学珠海校区SQA 3+1,北京理工大学（珠海校区）,广东,英国考文垂大学、澳洲迪肯大学等13国110余所（SQA体系）,3+1（可延伸3+1+1本硕连读）,自主招生（不看高考成绩，校考择优；高考本科线+英语60%可免试）,"¥75,000（商科）/ ¥79,800（计算机）",SQA Advanced Diploma（国内3年）+ 海外大学学士学位（国外1年）+ 中留服认证,,中留服SQA 3+1项目,,,medium,中留服备案SQA项目，外方学位可认证，中英双学籍注册。珠海校区独立承办、与北理工本部SQA分开运营。需注意：1)必须完成海外最后一年才能拿学位 2)对接海外大学层次参差不齐 3)无中方学位，考公考编受限。,教育部涉外监管信息网|中留服项目名单|各校招生简章（公开渠道采集，非官方排名）,3+1,single
NM-3-GD-002,L3,,华南师范大学SQA 3+1,华南师范大学,广东,英国多所合作大学（SQA体系）,3+1,自主招生（不看高考成绩，通过校考入学）,"¥72,000",SQA Advanced Diploma（国内3年）+ 海外大学学士学位（国外1年）+ 中留服认证,,中留服SQA 3+1项目,,,medium,中留服备案的SQA项目，外方学位可认证。需注意：1)必须完成海外最后一年才能拿学位 2)对接的海外大学层次参差不齐 3)无中方学位，考公考编受限。,教育部涉外监管信息网|中留服项目名单|各校招生简章（公开渠道采集，非官方排名）,3+1,single
NM-3-GD-003,L3,,华南理工大学出国留学预备学院2+2,华南理工大学,广东,昆士兰大学/阿德莱德大学/兰卡斯特大学/埃克塞特大学等（中留服战略合作伙伴）,2+2,自主招生（高考特控线/英语≥100分/雅思5.0/托福55可免笔试，否则参加校考）,"¥89,000（商科）/ ¥99,000（计算机/工程）/ ¥109,000（设计）",海外大学学士学位+中留服认证,,中留服国际本科项目,,,medium,"中留服战略合作伙伴,985高校。2005年开办,80%升入QS前100名校。共享华工校园资源。无中方学位,外方学位可认证。",教育部涉外监管信息网|中留服项目名单|各校招生简章（公开渠道采集，非官方排名）,2+2,single
NM-3-GD-004,L3,,广东外语外贸大学国际学院2+2,广东外语外贸大学,广东,伯明翰大学/昆士兰大学/悉尼大学/悉尼科技大学等（中留服华南地区培训基地）,2+2,自主招生（申请+推荐制，无需填报高考志愿）,"¥78,000",海外大学学士学位+中留服认证,,中留服国际本科项目,,,medium,"中留服华南地区最早培训基地(2004年),21年累计培养13515名学子。96%A+项目学生进入QS前100,90%A类项目进入QS前200。无中方学位。",教育部涉外监管信息网|中留服项目名单|各校招生简章（公开渠道采集，非官方排名）,2+2,single
NM-3-GD-005,L3,,广东财经大学SQA 3+1,广东财经大学,广东,英国多所合作大学（SQA体系）,3+1,自主招生（不看高考成绩，通过校考入学）,"¥66,800",SQA Advanced Diploma（国内3年）+ 海外大学学士学位（国外1年）+ 中留服认证,,中留服SQA 3+1项目,,,medium,中留服备案的SQA项目，外方学位可认证。需注意：1)必须完成海外最后一年才能拿学位 2)对接的海外大学层次参差不齐 3)无中方学位，考公考编受限。,教育部涉外监管信息网|中留服项目名单|各校招生简章（公开渠道采集，非官方排名）,3+1,single
NM-3-GD-006,L3,,广东金融学院SQA 3+1,广东金融学院,广东,英国多所合作大学（SQA体系）,3+1,自主招生（不看高考成绩，通过校考入学）,"¥61,800",SQA Advanced Diploma（国内3年）+ 海外大学学士学位（国外1年）+ 中留服认证,,中留服SQA 3+1项目,,,medium,中留服备案的SQA项目，外方学位可认证。需注意：1)必须完成海外最后一年才能拿学位 2)对接的海外大学层次参差不齐 3)无中方学位，考公考编受限。,教育部涉外监管信息网|中留服项目名单|各校招生简章（公开渠道采集，非官方排名）,3+1,single
NM-3-GD-007,L3,,暨南大学国际学院出国留学培训2+2,暨南大学,广东,诺丁汉大学/阿德莱德大学/东安格利亚大学/西英格兰大学等（中留服战略合作伙伴）,2+2,自主招生（高考本科线+英语≥60%免笔试，雅思5.0可免笔试，否则参加校考）,"¥75,000（商科/理工）/ ¥85,000（传媒/艺术）",海外大学学士学位+中留服认证,,中留服国际本科项目,,,medium,"中留服战略合作伙伴,211/双一流高校。国际学院直属办学,共享石牌校区资源。无中方学位,外方学位可认证。",教育部涉外监管信息网|中留服项目名单|各校招生简章（公开渠道采集，非官方排名）,2+2,single
NM-3-GD-008,L3,,深圳大学战略合作伙伴2+2,深圳大学,广东,昆士兰科技大学/萨塞克斯大学/萨里大学/东安格利亚大学/詹姆斯库克大学(新加坡)等（中留服战略合作伙伴）,2+2,自主招生（高考本科线/英语≥90分/雅思4.5/托福50免笔试，否则参加校考）,"¥68,000（商科）/ ¥78,000（计算机）/ ¥88,000（艺术/传媒）",海外大学学士学位+中留服认证,,中留服国际本科项目,,,medium,"中留服战略合作伙伴(2017年建,2025年升级为全面战略合作)。99.21%学位授予率,90%+毕业生入读QS前100硕士。无中方学位。",教育部涉外监管信息网|中留服项目名单|各校招生简章（公开渠道采集，非官方排名）,2+2,single
NM-3-GX-001,L3,,广西大学出国留学培训基地2+2,广西大学,广西,詹姆斯·库克大学(新加坡校区)/德蒙福特大学/纽约州立大学奥斯威戈分校/德布勒森大学等（中留服培训基地）,2+2,自主招生（高考本科线+英语≥60%免笔试，否则参加校考）,"¥35,000-¥68,000",海外大学学士学位+中留服认证,,中留服国际本科项目,,,medium,"中留服培训基地(2021年),211/双一流高校,广西唯一出国留学培训基地。对接新加坡/英国/美国/匈牙利高校。无中方学位。",教育部涉外监管信息网|中留服项目名单|各校招生简章（公开渠道采集，非官方排名）,2+2,single
NM-3-GZ-001,L3,,贵州师范大学SQA 3+1,贵州师范大学,贵州,英国多所合作大学（SQA体系）,3+1（也可选4+0获中方学位）,统招（计划内，高考本科线+英语单科≥50%）,"¥19,000（前3年）",SQA Advanced Diploma（国内3年）+ 海外大学学士学位（国外1年）+ 中留服认证 + 中方学位（可选）,,中留服SQA 3+1项目,,,medium,"中留服备案的SQA项目,省属重点大学。入学1年内雅思需达4.5分注册SQA学籍。3+1模式可获国内外双学位。外方学位可认证。",教育部涉外监管信息网|中留服项目名单|各校招生简章（公开渠道采集，非官方排名）,3+1,dual
NM-3-HB-001,L3,,中南财经政法大学出国留学培训2+2,中南财经政法大学,湖北,诺丁汉大学(马来校区)/兰卡斯特大学(马来校区)/东安格利亚大学等（中留服战略合作伙伴）,2+2（NCUK国际本科课程）,自主招生（高考一本线+英语≥100分或雅思5.0免笔试，否则参加校考）,"¥36,000",海外大学学士学位+中留服认证,,中留服国际本科项目,,,medium,"中留服战略合作伙伴,211高校。引入NCUK国际本科课程,对接马来西亚等英语国家名校。无中方学位,外方学位可认证。",教育部涉外监管信息网|中留服项目名单|各校招生简章（公开渠道采集，非官方排名）,2+2,single
NM-3-HB-002,L3,,武汉工程大学2+2出国留学培训项目,武汉工程大学,湖北,詹姆斯库克大学新加坡校区（AU）/英澳马泰新德美等多国合作院校,2+2,计划外自主招生,"国内38,000元/年；国外约4-23万/年",外方大学学士学位，教育部留学服务中心认证,,中留服国际本科项目,,,medium,中留服备案项目，外方学位+中留服认证，学费预算友好,教育部涉外监管信息网|中留服项目名单|各校招生简章（公开渠道采集，非官方排名）,2+2,other
NM-3-HB-003,L3,,武汉理工大学SQA 3+1,武汉理工大学,湖北,英国多所合作大学（SQA体系）,3+1,自主招生（不看高考成绩，通过校考入学）,"¥55,000（商科）/ ¥70,000（创意艺术）",SQA Advanced Diploma（国内3年）+ 海外大学学士学位（国外1年）+ 中留服认证,,中留服SQA 3+1项目,,,medium,中留服备案的SQA项目，外方学位可认证。需注意：1)必须完成海外最后一年才能拿学位 2)对接的海外大学层次参差不齐 3)无中方学位，考公考编受限。,教育部涉外监管信息网|中留服项目名单|各校招生简章（公开渠道采集，非官方排名）,3+1,single
NM-3-HB-004,L3,,湖北工业大学2+2出国留学培训项目,湖北工业大学,湖北,哈德斯菲尔德大学（UK）/又石大学（KR）/圣心大学（IT）/吉备国际大学（JP）/赫瑞瓦特大学马来西亚分校,2+2,计划外自主招生,"国内36,000元/年（性价比高）；国外约4-20万/年",外方大学学士学位，教育部留学服务中心认证,,中留服国际本科项目,,,medium,中留服战略合作伙伴(2019签约)，外方学位+中留服认证，学费预算友好,教育部涉外监管信息网|中留服项目名单|各校招生简章（公开渠道采集，非官方排名）,2+2,other
NM-3-HL-001,L3,,东北农业大学赴俄留学培训基地1+4,东北农业大学,黑龙江,远东国立技术水产大学/克拉斯诺亚尔斯克国立农业大学等俄罗斯高校（中留服赴俄留学培训基地）,1+4（也可选2+3）,自主招生（面向高考未达预期但有学习潜力的学生）,见招生简章,俄罗斯合作大学学士学位+中留服认证,,中留服国际本科项目,,,medium,"中留服赴俄留学培训基地(2010年),211/双一流高校。入学即在中留服备案。俄方合作院校均获教育部认证。无中方学位。",教育部涉外监管信息网|中留服项目名单|各校招生简章（公开渠道采集，非官方排名）,1+N,single
NM-3-HN-001,L3,,湖南大学出国留学培训基地2+2,湖南大学,湖南,蒙纳士大学/西澳大学/阿德莱德大学/萨塞克斯大学/斯旺西大学/约克大学(加)等20+所（中留服战略合作伙伴）,2+2（学分豁免）,自主招生（高考本科线+英语≥95分免笔试，雅思5.5/托福61可免，未达标参加校考）,"¥50,000",海外大学学士学位+中留服认证,,中留服国际本科项目,,,medium,"中留服战略合作伙伴,中部地区唯一出国留学培训基地(2011年建立)。985高校资源,学分豁免最高1/3,共享统招生校园资源。无中方学位。",教育部涉外监管信息网|中留服项目名单|各校招生简章（公开渠道采集，非官方排名）,2+2,single
NM-3-JL-001,L3,,吉林大学国际本科2+2,吉林大学,吉林,俄罗斯/英国/美国/澳洲/加拿大多所高校,2+2,自主招生,"¥65,000",海外大学学士学位+中留服认证,,中留服国际本科项目,,,medium,985高校背书。对接俄罗斯院校4年总花费约35-45万，英美澳加方向约60-80万。小班制教学。无中方学位。,教育部涉外监管信息网|中留服项目名单|各校招生简章（公开渠道采集，非官方排名）,2+2,single
NM-3-JS-001,L3,,南京信息工程大学出国留学培训2+2,南京信息工程大学,江苏,英国/澳大利亚/新西兰多所合作大学（中留服战略合作伙伴）,2+2,自主招生,见招生简章,海外大学学士学位+中留服认证,,中留服国际本科项目,,,medium,"中留服战略合作伙伴,双一流高校。气象/计算机学科特色突出。无中方学位,外方学位可认证。",教育部涉外监管信息网|中留服项目名单|各校招生简章（公开渠道采集，非官方排名）,2+2,single
NM-3-JS-002,L3,,南京审计大学国际本科2+2,南京审计大学,江苏,英/澳/法/美/加/新/马/新西兰多所大学（中留服战略合作伙伴）,2+2,自主招生（不看高考成绩，英语>=105分或雅思5.0可免笔试）,"¥78,000",海外大学学士学位+中留服认证,,中留服国际本科项目,,,medium,中留服战略合作伙伴项目，外方学位可认证。对接英/澳/法/美/加等多国院校。无中方学位，考公考编受限。需关注具体对接院校排名差异。,教育部涉外监管信息网|中留服项目名单|各校招生简章（公开渠道采集，非官方排名）,2+2,single
NM-3-JS-003,L3,,南京理工大学2+2国际本科,南京理工大学,江苏,悉尼科技大学（AU QS90）/阿德莱德大学/萨塞克斯大学/考文垂大学/创意艺术大学等,2+2,计划外自主招生,"国内非艺术60,000元/年，艺术68,000元/年；国外约15-25万/年",外方大学学士学位，教育部留学服务中心认证,,中留服国际本科项目,,,medium,中留服战略合作伙伴，211高校，对接QS90悉尼科技大学，外方学位+中留服认证,教育部涉外监管信息网|中留服项目名单|各校招生简章（公开渠道采集，非官方排名）,2+2,other
NM-3-JS-004,L3,,南京航空航天大学SQA 3+1,南京航空航天大学,江苏,英国多所合作大学（SQA体系）,3+1,自主招生（不看高考成绩，通过校考入学）,"¥55,000",SQA Advanced Diploma（国内3年）+ 海外大学学士学位（国外1年）+ 中留服认证,,中留服SQA 3+1项目,,,medium,中留服备案的SQA项目，外方学位可认证。需注意：1)必须完成海外最后一年才能拿学位 2)对接的海外大学层次参差不齐 3)无中方学位，考公考编受限。,教育部涉外监管信息网|中留服项目名单|各校招生简章（公开渠道采集，非官方排名）,3+1,single
NM-3-JS-005,L3,,南京艺术学院国际本科2+2,南京艺术学院,江苏,英美澳多所艺术类合作大学（中留服战略合作伙伴）,2+2,自主招生（艺术类专业面试+英语测试）,见招生简章,海外大学学士学位+中留服认证,,中留服国际本科项目,,,medium,"中留服战略合作伙伴,六大艺术学院之首。艺术类专业优势突出。无中方学位,外方学位可认证。",教育部涉外监管信息网|中留服项目名单|各校招生简章（公开渠道采集，非官方排名）,2+2,single
NM-3-JS-006,L3,,苏州大学国际本科2+2,苏州大学,江苏,英国/澳洲/美国多所大学,2+2,自主招生,"¥70,000",海外大学学士学位+中留服认证,,中留服国际本科项目,,,medium,211高校，苏州区位优势（外企多）。中留服备案。无中方学位。,教育部涉外监管信息网|中留服项目名单|各校招生简章（公开渠道采集，非官方排名）,2+2,single
NM-3-JX-001,L3,,江西财经大学出国留学培训2+2,江西财经大学,江西,英国/澳大利亚/新西兰多所合作大学（中留服战略合作伙伴）,2+2,自主招生,见招生简章,海外大学学士学位+中留服认证,,中留服国际本科项目,,,medium,"中留服战略合作伙伴,省属重点财经高校。财经类专业优势突出。无中方学位,外方学位可认证。",教育部涉外监管信息网|中留服项目名单|各校招生简章（公开渠道采集，非官方排名）,2+2,single
NM-3-LN-001,L3,,东北财经大学跨境教育中心2+2,东北财经大学,辽宁,蒙纳士大学/阿德莱德大学/奥塔哥大学/约克大学(加)/罗格斯大学/埃塞克斯大学等20+所（中留服培训基地）,2+2,自主招生（通过校测：英语笔试+综合素质面试）,"¥60,000",海外大学学士学位+中留服认证,,中留服国际本科项目,,,medium,"中留服培训基地(2011年),东北地区首家/全国首批。70%合作院校为QS TOP500,学分豁免最多1/3。无中方学位。财经类专业优势突出。",教育部涉外监管信息网|中留服项目名单|各校招生简章（公开渠道采集，非官方排名）,2+2,single
NM-3-LN-002,L3,,大连外国语大学SQA 3+1,大连外国语大学,辽宁,英国多所合作大学（SQA体系）,3+1,自主招生（不看高考成绩，通过校考入学）,"¥55,000",SQA Advanced Diploma（国内3年）+ 海外大学学士学位（国外1年）+ 中留服认证,,中留服SQA 3+1项目,,,medium,中留服备案的SQA项目，外方学位可认证。需注意：1)必须完成海外最后一年才能拿学位 2)对接的海外大学层次参差不齐 3)无中方学位，考公考编受限。,教育部涉外监管信息网|中留服项目名单|各校招生简章（公开渠道采集，非官方排名）,3+1,single
NM-3-LN-003,L3,,大连大学国际本科2+2,大连大学,辽宁,俄罗斯/白俄罗斯/日本/英国/澳大利亚等8国数十所高校,2+2,自主招生（不要求高考总分）,"¥49,800",海外大学学士学位+中留服认证,,中留服国际本科项目,,,medium,中留服备案项目。对接俄罗斯院校4年总花费最低30万。在校生800+，成班制管理。适合预算有限的艺体生。无中方学位。,教育部涉外监管信息网|中留服项目名单|各校招生简章（公开渠道采集，非官方排名）,2+2,single
NM-3-LN-004,L3,,辽宁大学国际教育中心2+2,辽宁大学,辽宁,诺丁汉大学(马来校区)/萨塞克斯大学/詹姆斯库克大学(新加坡)/亚太科技大学等（中留服战略合作伙伴）,2+2,自主招生（高考英语≥100分/雅思5.0/托福60免笔试，否则参加自主考试）,见招生简章,海外大学学士学位+中留服认证,,中留服国际本科项目,,,medium,"中留服战略合作伙伴(2018年),211/双一流高校。计划外招生,不影响高考志愿填报。共享崇山校区资源。无中方学位。",教育部涉外监管信息网|中留服项目名单|各校招生简章（公开渠道采集，非官方排名）,2+2,single
NM-3-NX-001,L3,,宁夏大学SQA 3+1,宁夏大学,宁夏,英国多所合作大学（SQA体系）,3+1（也可选4+0获中方学位）,统招（计划内，一本批次，英语单科≥60%，文理兼招）,"¥23,800",SQA Advanced Diploma（国内3年）+ 海外大学学士学位（国外1年）+ 中留服认证 + 中方学位（可选）,,中留服SQA 3+1项目,,,medium,"中留服备案的SQA项目,211高校。纳入全国统招计划,可选3+1获双学位或4+0仅获中方学位。外方学位可认证。",教育部涉外监管信息网|中留服项目名单|各校招生简章（公开渠道采集，非官方排名）,3+1,dual
NM-3-SC-001,L3,,四川大学SQA 3+1,四川大学,四川,英国多所合作大学（SQA体系）,3+1,自主招生（不看高考成绩，通过校考入学）,"¥65,000（商科）/ ¥69,800（计算机）",SQA Advanced Diploma（国内3年）+ 海外大学学士学位（国外1年）+ 中留服认证,,中留服SQA 3+1项目,,,medium,中留服备案的SQA项目，外方学位可认证。需注意：1)必须完成海外最后一年才能拿学位 2)对接的海外大学层次参差不齐 3)无中方学位，考公考编受限。,教育部涉外监管信息网|中留服项目名单|各校招生简章（公开渠道采集，非官方排名）,3+1,single
NM-3-SC-002,L3,,四川大学国际本科2+2,四川大学,四川,英国/美国/澳洲/新加坡/欧洲多所大学,2+2,自主招生,"¥65,000",海外大学学士学位+中留服认证,,中留服国际本科项目,,,medium,985高校海外教育学院运营，中外联合授课。4年总花费约70-90万。对接QS前300院校为主。无中方学位。,教育部涉外监管信息网|中留服项目名单|各校招生简章（公开渠道采集，非官方排名）,2+2,single
NM-3-SC-003,L3,,电子科技大学SQA 3+1,电子科技大学,四川,英国多所合作大学（SQA体系）,3+1,自主招生（不看高考成绩，通过校考入学）,"¥68,000",SQA Advanced Diploma（国内3年）+ 海外大学学士学位（国外1年）+ 中留服认证,,中留服SQA 3+1项目,,,medium,中留服备案的SQA项目，外方学位可认证。需注意：1)必须完成海外最后一年才能拿学位 2)对接的海外大学层次参差不齐 3)无中方学位，考公考编受限。,教育部涉外监管信息网|中留服项目名单|各校招生简章（公开渠道采集，非官方排名）,3+1,single
NM-3-SC-004,L3,,西南财经大学国际本科2+2,西南财经大学,四川,澳大利亚国立大学、蒙纳士大学等QS100名校（中留服国家级培训基地）,2+2,自主招生,"¥76,000",海外大学学士学位+中留服认证,,中留服国际本科项目,,,medium,西南地区唯一中留服国家级培训基地，60%学生可升入QS前50。光华校区就读共享统招生资源。无中方学位。,教育部涉外监管信息网|中留服项目名单|各校招生简章（公开渠道采集，非官方排名）,2+2,single
NM-3-SD-001,L3,,中国海洋大学SQA 3+1,中国海洋大学,山东,英国多所合作大学（SQA体系）,3+1,自主招生（不看高考成绩，通过校考入学）,"¥60,000",SQA Advanced Diploma（国内3年）+ 海外大学学士学位（国外1年）+ 中留服认证,,中留服SQA 3+1项目,,,medium,中留服备案的SQA项目，外方学位可认证。需注意：1)必须完成海外最后一年才能拿学位 2)对接的海外大学层次参差不齐 3)无中方学位，考公考编受限。,教育部涉外监管信息网|中留服项目名单|各校招生简章（公开渠道采集，非官方排名）,3+1,single
NM-3-SD-002,L3,,中国石油大学（华东）SQA 3+1,中国石油大学（华东）,山东,英国多所合作大学（SQA体系）,3+1,自主招生（不看高考成绩，通过校考入学）,"¥55,000",SQA Advanced Diploma（国内3年）+ 海外大学学士学位（国外1年）+ 中留服认证,,中留服SQA 3+1项目,,,medium,中留服备案的SQA项目，外方学位可认证。需注意：1)必须完成海外最后一年才能拿学位 2)对接的海外大学层次参差不齐 3)无中方学位，考公考编受限。,教育部涉外监管信息网|中留服项目名单|各校招生简章（公开渠道采集，非官方排名）,3+1,single
NM-3-SD-003,L3,,中国石油大学（华东）国际本科2+2,中国石油大学（华东）,山东,英国利兹大学、澳大利亚昆士兰大学等,2+2,自主招生,"¥60,000",海外大学学士学位+中留服认证,,中留服国际本科项目,,,medium,211工科强校，石油工程全球前50。95%进QS前200。可获壳牌/BP等实习机会。无中方学位。,教育部涉外监管信息网|中留服项目名单|各校招生简章（公开渠道采集，非官方排名）,2+2,single
NM-3-SD-004,L3,,临沂大学出国留学培训基地2+2,临沂大学,山东,萨里大学/萨塞克斯大学/东安格利亚大学/迪肯大学/纽卡斯尔大学等（中留服战略合作伙伴）,2+2,自主招生（高考≥400分+英语≥90分或通过校内测试）,"¥58,000",海外大学学士学位+中留服认证,,中留服国际本科项目,,,medium,"中留服战略合作伙伴(2026年签约),鲁南苏北地区出国留学培训基地。英国课程体系,双语/全英教学。无中方学位,外方学位可认证。",教育部涉外监管信息网|中留服项目名单|各校招生简章（公开渠道采集，非官方排名）,2+2,single
NM-3-SD-005,L3,,哈尔滨工业大学(威海)出国留学培训基地2+2,哈尔滨工业大学(威海),山东,利兹大学/布里斯托大学/谢菲尔德大学/西澳大学/奥克兰大学等（中留服出国留学培训基地）,2+2（英新澳世界名校定向班）,自主招生（高考英语≥120分或雅思5.0免笔试，未达标参加校考）,"¥69,800（定向班）",海外大学学士学位+中留服认证,,中留服国际本科项目,,,medium,"中留服出国留学培训基地,985高校(C9)。与中留服共建,定向班可免雅思直升英新澳名校。无中方学位,外方学位可认证。",教育部涉外监管信息网|中留服项目名单|各校招生简章（公开渠道采集，非官方排名）,2+2,single
NM-3-SD-006,L3,,山东大学国际本科2+2,山东大学,山东,英国/美国/澳洲/加拿大多所大学,2+2,自主招生,"¥72,000",海外大学学士学位+中留服认证,,中留服国际本科项目,,,medium,985高校背书，山大教师授课，双语教学。4年总花费约60-80万。无中方学位。,教育部涉外监管信息网|中留服项目名单|各校招生简章（公开渠道采集，非官方排名）,2+2,single
NM-3-SD-007,L3,,山东师范大学SQA 3+1,山东师范大学,山东,英国多所合作大学（SQA体系）,3+1,自主招生（不看高考成绩，通过校考入学）,"¥55,000",SQA Advanced Diploma（国内3年）+ 海外大学学士学位（国外1年）+ 中留服认证,,中留服SQA 3+1项目,,,medium,中留服备案的SQA项目，外方学位可认证。需注意：1)必须完成海外最后一年才能拿学位 2)对接的海外大学层次参差不齐 3)无中方学位，考公考编受限。,教育部涉外监管信息网|中留服项目名单|各校招生简章（公开渠道采集，非官方排名）,3+1,single
NM-3-SD-008,L3,,山东理工大学国际本科2+2,山东理工大学,山东,英国/澳大利亚/新西兰多所合作大学（中留服战略合作伙伴）,2+2,自主招生,见招生简章,海外大学学士学位+中留服认证,,中留服国际本科项目,,,medium,"中留服战略合作伙伴,省属重点高校。无中方学位,外方学位可认证。",教育部涉外监管信息网|中留服项目名单|各校招生简章（公开渠道采集，非官方排名）,2+2,single
NM-3-SD-009,L3,,山东艺术学院出国留学培训基地2+2,山东艺术学院,山东,英国创意艺术大学/伯明翰城市大学/班戈大学/伯恩茅斯艺术大学/巴斯斯巴大学等（中留服战略合作伙伴）,2+2,自主招生（艺术类专业面试+英语测试）,见招生简章,海外大学学士学位+中留服认证,,中留服国际本科项目,,,medium,"中留服战略合作伙伴(2023年),山东省首家艺术类出国留学培训基地。省部共建高校,拥有艺术学博士点。对接英国顶尖艺术院校(UCA等)。无中方学位。",教育部涉外监管信息网|中留服项目名单|各校招生简章（公开渠道采集，非官方排名）,2+2,single
NM-3-SD-010,L3,,山东财经大学出国留学培训2+2,山东财经大学,山东,英国/澳大利亚/新西兰多所合作大学（中留服战略合作伙伴）,2+2,自主招生,见招生简章,海外大学学士学位+中留服认证,,中留服国际本科项目,,,medium,"中留服战略合作伙伴,省属重点财经高校。财经类专业优势突出。无中方学位,外方学位可认证。",教育部涉外监管信息网|中留服项目名单|各校招生简章（公开渠道采集，非官方排名）,2+2,single
NM-3-SD-011,L3,,济南大学SQA 3+1,济南大学,山东,英国多所合作大学（SQA体系）,3+1,自主招生（不看高考成绩，通过校考入学）,"¥58,000",SQA Advanced Diploma（国内3年）+ 海外大学学士学位（国外1年）+ 中留服认证,,中留服SQA 3+1项目,,,medium,中留服备案的SQA项目，外方学位可认证。需注意：1)必须完成海外最后一年才能拿学位 2)对接的海外大学层次参差不齐 3)无中方学位，考公考编受限。,教育部涉外监管信息网|中留服项目名单|各校招生简章（公开渠道采集，非官方排名）,3+1,single
NM-3-SD-012,L3,,青岛大学出国留学培训基地2+2,青岛大学,山东,莫纳什大学/悉尼科技大学/莱斯特大学/萨里大学/阿伯丁大学等（中留服培训基地）,2+2,自主招生（高考本科线+英语≥100分或雅思4.5免笔试，否则参加校考）,"¥68,000",海外大学学士学位+中留服认证,,中留服国际本科项目,,,medium,"中留服培训基地(2009年),山东省首家/全国第6家。莫纳什大学专项班/悉尼科技大学AI专项班。无中方学位,外方学位可认证。",教育部涉外监管信息网|中留服项目名单|各校招生简章（公开渠道采集，非官方排名）,2+2,single
NM-3-SD-013,L3,,青岛理工大学SQA 3+1,青岛理工大学,山东,英国多所合作大学（SQA体系）,3+1,自主招生（不看高考成绩，通过校考入学）,"¥48,900",SQA Advanced Diploma（国内3年）+ 海外大学学士学位（国外1年）+ 中留服认证,,中留服SQA 3+1项目,,,medium,中留服备案的SQA项目，外方学位可认证。需注意：1)必须完成海外最后一年才能拿学位 2)对接的海外大学层次参差不齐 3)无中方学位，考公考编受限。,教育部涉外监管信息网|中留服项目名单|各校招生简章（公开渠道采集，非官方排名）,3+1,single
NM-3-SH-001,L3,,上海外国语大学2+1卓越班,上海外国语大学,上海,英国多所合作大学（SQA体系加速路径）,2+1（国内2年+国外1年）,自主招生（雅思5.0或高考英语110以上免笔试）,"大一¥68,000 / 大二大三¥80,000",SQA Advanced Diploma（国内2年）+ 海外大学学士学位（国外1年）+ 中留服认证,,中留服SQA 3+1项目（加速班）,,,medium,上外SQA项目旗下的加速通道（卓越班），国内仅需2年，比常规SQA 3+1少1年。要求更高（雅思5.0+或高考英语110+）。无中方学位。,教育部涉外监管信息网|中留服项目名单|各校招生简章（公开渠道采集，非官方排名）,2+1,single
NM-3-SH-002,L3,,上海外国语大学SQA 3+1,上海外国语大学,上海,英国多所合作大学（SQA体系）,3+1,自主招生（不看高考成绩，通过校考入学）,"¥68,000",SQA Advanced Diploma（国内3年）+ 海外大学学士学位（国外1年）+ 中留服认证,,中留服SQA 3+1项目,,,medium,中留服备案的SQA项目，外方学位可认证。需注意：1)必须完成海外最后一年才能拿学位 2)对接的海外大学层次参差不齐 3)无中方学位，考公考编受限。,教育部涉外监管信息网|中留服项目名单|各校招生简章（公开渠道采集，非官方排名）,3+1,single
NM-3-SH-003,L3,,上海对外经贸大学国际本科2+2,上海对外经贸大学,上海,英国/澳洲/加拿大/新西兰多所大学,2+2,自主招生,"¥70,000",海外大学学士学位+中留服认证,,中留服国际本科项目,,,medium,上海外经贸特色高校，经贸类专业优势突出。中留服备案。无中方学位。,教育部涉外监管信息网|中留服项目名单|各校招生简章（公开渠道采集，非官方排名）,2+2,single
NM-3-SH-004,L3,,上海立信会计金融学院SQA 3+1,上海立信会计金融学院,上海,英国多所合作大学（SQA体系）,3+1,自主招生（不看高考成绩）,"¥75,000",SQA Advanced Diploma（国内3年）+ 海外大学学士学位（国外1年）+ 中留服认证,,中留服SQA 3+1项目,,,medium,中留服备案SQA项目。ACCA/CFA方向班可选。外方学位可认证，无中方学位。,教育部涉外监管信息网|中留服项目名单|各校招生简章（公开渠道采集，非官方排名）,3+1,single
NM-3-SH-005,L3,,上海财经大学SQA 3+1,上海财经大学,上海,英国多所合作大学（SQA体系）,3+1,自主招生（不看高考成绩，通过校考入学）,"¥82,800",SQA Advanced Diploma（国内3年）+ 海外大学学士学位（国外1年）+ 中留服认证,,中留服SQA 3+1项目,,,medium,中留服备案的SQA项目，外方学位可认证。需注意：1)必须完成海外最后一年才能拿学位 2)对接的海外大学层次参差不齐 3)无中方学位，考公考编受限。,教育部涉外监管信息网|中留服项目名单|各校招生简章（公开渠道采集，非官方排名）,3+1,single
NM-3-SH-006,L3,,华东师范大学SQA 3+1,华东师范大学,上海,英国多所合作大学（SQA体系）,3+1,自主招生（不看高考成绩，通过校考入学）,"¥72,000",SQA Advanced Diploma（国内3年）+ 海外大学学士学位（国外1年）+ 中留服认证,,中留服SQA 3+1项目,,,medium,中留服备案的SQA项目，外方学位可认证。需注意：1)必须完成海外最后一年才能拿学位 2)对接的海外大学层次参差不齐 3)无中方学位，考公考编受限。,教育部涉外监管信息网|中留服项目名单|各校招生简章（公开渠道采集，非官方排名）,3+1,single
NM-3-SN-001,L3,,西安外国语大学SQA 3+1,西安外国语大学,陕西,英国多所合作大学（SQA体系）,3+1,自主招生（不看高考成绩，通过校考入学）,"¥53,000",SQA Advanced Diploma（国内3年）+ 海外大学学士学位（国外1年）+ 中留服认证,,中留服SQA 3+1项目,,,medium,中留服备案的SQA项目，外方学位可认证。需注意：1)必须完成海外最后一年才能拿学位 2)对接的海外大学层次参差不齐 3)无中方学位，考公考编受限。,教育部涉外监管信息网|中留服项目名单|各校招生简章（公开渠道采集，非官方排名）,3+1,single
NM-3-SN-002,L3,,西安明德理工学院SQA 3+1,西安明德理工学院,陕西,英国西英格兰大学/东安格利亚大学等（SQA体系）,3+1,自主招生（高考本科线+英语60%免笔试，未达标参加校考）,"¥42,800",SQA Advanced Diploma（国内3年）+ 海外大学学士学位（国外1年）+ 中留服认证,,中留服SQA 3+1项目,,,medium,"中留服备案的SQA项目,西北地区首家SQA项目教学中心。外方学位可认证。需完成海外最后一年才能拿学位,无中方学位,考公考编受限。",教育部涉外监管信息网|中留服项目名单|各校招生简章（公开渠道采集，非官方排名）,3+1,single
NM-3-SN-003,L3,,西安科技大学高新学院SQA 3+1,西安科技大学高新学院,陕西,英国多所合作大学（SQA体系）,3+1,自主招生（高考本科线+英语60%免笔试，未达标参加校考）,"¥42,800",SQA Advanced Diploma（国内3年）+ 海外大学学士学位（国外1年）+ 中留服认证,,中留服SQA 3+1项目,,,medium,"中留服备案的SQA项目,陕西省首家计划内招生的SQA院校。雅思官方合作院校+培生PTE示范校。外方学位可认证,无中方学位,考公考编受限。",教育部涉外监管信息网|中留服项目名单|各校招生简章（公开渠道采集，非官方排名）,3+1,single
NM-3-TJ-001,L3,,天津师范大学国际化标准课程重点班2+2,天津师范大学,天津,英国班戈大学/赫尔大学/澳大利亚纽卡斯尔大学/加拿大特伦特大学（中留服培训基地）,2+2（也可选3+1/4+0）,计划内（面向2025级本科新生选拔，通过入学考试转入）,按统招标准,天津师范大学学士学位 + 海外大学学士学位 + 中留服认证,,中留服国际本科项目,,,medium,"中留服培训基地(2009年),面向本校统招新生选拔。2+2模式可获中外双学位。85%毕业生入读QS前200院校。",教育部涉外监管信息网|中留服项目名单|各校招生简章（公开渠道采集，非官方排名）,2+2,dual
NM-3-XJ-001,L3,,新疆农业大学SQA 3+1,新疆农业大学,新疆,英国多所合作大学（SQA体系）,3+1,统招（计划内，大类招生，雅思4.5分注册SQA学籍）,"¥18,000",SQA Advanced Diploma（国内3年）+ 海外大学学士学位（国外1年）+ 中留服认证 + 中方学位,,中留服SQA 3+1项目,,,medium,"中留服备案的SQA项目,自治区重点高校。大一结束分专业方向,按英语成绩分全英/双语班。外方学位可认证。",教育部涉外监管信息网|中留服项目名单|各校招生简章（公开渠道采集，非官方排名）,3+1,other
NM-4-BJ-001,L4,,中国传媒大学1+3国际预科,中国传媒大学,北京,英/澳/美/加/新加坡数百所优质院校,1+3,自主招生,"¥86,000",海外大学学士学位（需中留服认证）,,校际自主跨境项目,,,high,中传官方项目，2007年开设，经验成熟。95%学员进入QS前100或专业排名前5院校。1年国内预科+3年海外本科。无中方学位。,教育部涉外监管信息网|中留服项目名单|各校招生简章（公开渠道采集，非官方排名）,1+N,single
NM-4-BJ-002,L4,,中国传媒大学国际本科2+2,中国传媒大学,北京,英国/澳洲/美国多所大学,2+2,自主招生,"¥86,000",海外大学学士学位（需中留服认证）,,校际自主跨境项目,,,high,传媒类强校，非MOE备案。无中方学位。,教育部涉外监管信息网|中留服项目名单|各校招生简章（公开渠道采集，非官方排名）,2+2,single
NM-4-BJ-003,L4,,中央民族大学国际本科2+2,中央民族大学,北京,英国/美国/澳洲/加拿大多所大学,2+2,自主招生,"¥60,000",海外大学学士学位（需中留服认证）,,校际自主跨境项目,,,high,985高校，北京海淀区就读。校际合作项目。无中方学位。,教育部涉外监管信息网|中留服项目名单|各校招生简章（公开渠道采集，非官方排名）,2+2,single
NM-4-BJ-004,L4,,北京交通大学-南威尔士/西英格兰2+2国际本科,北京交通大学,北京,南威尔士大学（UK）/西英格兰大学（UK）,2+2,计划外自主招生：高考达本科线+英语90分或雅思5.0免笔试；未达标者校考录取,"国内80,000元/年+住宿15,000元/年；英国学费约15,000-16,000/年",英方大学学士学位（可申请中留服认证）,,校际自主跨境项目,,,high,计划外项目，无北交大学位；衔接需均分75+雅思6.0；合作院校QS偏低；中留服事后认证,教育部涉外监管信息网|中留服项目名单|各校招生简章（公开渠道采集，非官方排名）,2+2,other
NM-4-BJ-005,L4,,北京体育大学1+3国际本科,北京体育大学,北京,英国兰卡斯特大学、拉夫堡大学、澳大利亚昆士兰大学、迪肯大学、美国俄亥俄大学、加拿大阿尔伯塔大学等（UK/AU/US/CA）,1+3,自主招生（材料初审+综合面试，2026新增面试考核；英语单科100+/雅思4.5可免笔试）,"¥98,000/年",国内预科结业证明 + 海外大学学士学位（需中留服认证）,,校际自主跨境项目,,,high,继续教育学院（冬奥培训学院）主办的计划外留学预科，非统招、非中外合作办学统招。国内无北体本科文凭、仅预科结业证明；海外学位需满足中留服境外学习时长要求（2026政策本科境外累计≥180天）方可认证；对接院校需逐校核实认证名单。,教育部涉外监管信息网|中留服项目名单|各校招生简章（公开渠道采集，非官方排名）,1+N,other
NM-4-BJ-006,L4,,北京外国语大学1+3国际预科,北京外国语大学,北京,英国/美国/澳洲/加拿大/新西兰/法国/德国/西班牙多所大学,1+3,自主招生,"¥98,000",海外大学学士学位（需中留服认证）,,校际自主跨境项目,,,high,北外出国人员培训部官方项目。语言类顶尖学府，1年强化语言+专业基础，直通海外名校大一。无中方学位。,教育部涉外监管信息网|中留服项目名单|各校招生简章（公开渠道采集，非官方排名）,1+N,single
NM-4-BJ-007,L4,,北京外国语大学国际本科1+3/2+2（IBS商科）,北京外国语大学,北京,杜伦大学、昆士兰大学、旧金山大学等（IBS课程体系）,灵活（1+3或2+2可选）,自主招生（全国限招100人）,"¥98,000",海外大学学士学位（需中留服认证）,,校际自主跨境项目,,,high,北外IBS课程体系，可根据英语水平选择1+3或2+2路径。北外语言优势突出。学费较高。无中方学位。,教育部涉外监管信息网|中留服项目名单|各校招生简章（公开渠道采集，非官方排名）,灵活,single
NM-4-BJ-008,L4,,北京外国语大学国际本科2+2,北京外国语大学,北京,英国/澳洲/美国多所大学,2+2,自主招生,"¥88,000",海外大学学士学位（需中留服认证）,,校际自主跨境项目,,,high,非MOE备案校际项目。语言类强校，对接大学质量较好。无中方学位。,教育部涉外监管信息网|中留服项目名单|各校招生简章（公开渠道采集，非官方排名）,2+2,single
NM-4-BJ-009,L4,,北京航空航天大学国际本科2+2,北京航空航天大学,北京,英国/澳洲/美国多所大学,2+2,自主招生,"¥85,000",海外大学学士学位（需中留服认证）,,校际自主跨境项目,,,high,985名校背书。非MOE备案。无中方学位。,教育部涉外监管信息网|中留服项目名单|各校招生简章（公开渠道采集，非官方排名）,2+2,single
NM-4-BJ-010,L4,,北京语言大学国际本科2+2,北京语言大学,北京,英国/美国/澳洲/新西兰/新加坡多所大学,2+2,自主招生,"¥68,000",海外大学学士学位（需中留服认证）,,校际自主跨境项目,,,high,语言类特色高校，国际化氛围浓厚。校际合作项目。无中方学位。,教育部涉外监管信息网|中留服项目名单|各校招生简章（公开渠道采集，非官方排名）,2+2,single
NM-4-BJ-011,L4,,对外经济贸易大学继续教育学院2+2国际本科,对外经济贸易大学,北京,兰卡斯特大学（UK定向班）/女王大学（UK定向班）/杜克/宾大/南加大/东北（US）/墨尔本/悉尼/莫纳什/昆士兰（AU）/多伦多/UBC/滑铁卢（CA）等50+所,2+2,计划外自主招生：笔试+面试；高考达本科线+英语120/雅思5.5可免笔试,"专项班98,000元/年，育才班88,000元/年",外方学士学位（可申请中留服学历认证），享贸大校友资源,,校际自主跨境项目,,,high,校际自签跨境项目，211财经名校，无MOE项目备案，仅外方学位，认证需事后申请,教育部涉外监管信息网|中留服项目名单|各校招生简章（公开渠道采集，非官方排名）,2+2,single
NM-4-CQ-001,L4,,四川外国语大学国际本科2+2,四川外国语大学,重庆,英国/澳洲多所大学,2+2,自主招生（不看高考成绩）,"¥55,000",海外大学学士学位（需中留服认证）,,校际自主跨境项目,,,high,非MOE备案校际项目。需确认：1)对接的海外大学是否在中留服认证名单内 2)国内阶段学分是否被海外大学认可 3)出国阶段费用另计。无中方学位。,教育部涉外监管信息网|中留服项目名单|各校招生简章（公开渠道采集，非官方排名）,2+2,single
NM-4-FJ-001,L4,,福州大学中泰2+2国际本科,福州大学,福建,泰国商会大学/曼谷吞武里大学/宣素那他皇家大学/兰塔纳功欣皇家理工大学/皇家园大学（TH）,2+2,计划外自主招生：高考达本科线+英语90分以上免试；或校考合格（25人/专业限额）,"国内45,000元/年+住宿3,000元/年；泰国学费约3-6万/年",泰国合作院校学士学位（可申请中留服认证）,,校际自主跨境项目,,,high,计划外项目，无福州大学学位；泰国院校认可度差异大；各专业限额25人；中留服认证需逐校核实,教育部涉外监管信息网|中留服项目名单|各校招生简章（公开渠道采集，非官方排名）,2+2,other
NM-4-GD-001,L4,,华南农业大学计划外国际本科（香港/新加坡方向）,华南农业大学,广东,香港都会大学、香港伍伦贡学院、香港东华学院、新加坡PSB学院、KAPLAN、科廷大学新加坡校区等（HK/SG）,香港方向1+2/2+2、新加坡方向1+1.5（灵活）,自主招生（综合评估+面试，高考达本科线优先）,"¥86,000/年",国内培训结业证明 + 香港高校或海外大学学士学位（需中留服认证）,,校际自主跨境项目,,,high,计划外自主招生的出国留学培训项目（国际教育学院承办，依托华农校园）。国内阶段无华农统招学籍、无华农学位，仅培训性质；香港方向走副学士/衔接课程路径，新加坡方向含PSB/KAPLAN等私立学院衔接课程，学位需中留服认证，须逐校核实认证名单与境外学习时长要求（2026政策本科境外≥180天）。,教育部涉外监管信息网|中留服项目名单|各校招生简章（公开渠道采集，非官方排名）,其他,other
NM-4-GD-002,L4,,华南理工大学国际本科2+2,华南理工大学,广东,英国/澳洲/新加坡/美国/加拿大/新西兰等,2+2,自主招生（不看高考成绩）,"¥88,000",海外大学学士学位（需中留服认证）,,校际自主跨境项目,,,high,非MOE备案校际项目。需确认：1)对接的海外大学是否在中留服认证名单内 2)国内阶段学分是否被海外大学认可 3)出国阶段费用另计。无中方学位。,教育部涉外监管信息网|中留服项目名单|各校招生简章（公开渠道采集，非官方排名）,2+2,single
NM-4-GD-003,L4,,广东外语外贸大学国际本科2+2,广东外语外贸大学,广东,英国/澳洲/美国/加拿大多所大学,2+2,自主招生（不看高考成绩）,"¥65,000",海外大学学士学位（需中留服认证）,,校际自主跨境项目,,,high,非MOE备案校际项目。需确认：1)对接的海外大学是否在中留服认证名单内 2)国内阶段学分是否被海外大学认可 3)出国阶段费用另计。无中方学位。,教育部涉外监管信息网|中留服项目名单|各校招生简章（公开渠道采集，非官方排名）,2+2,single
NM-4-GD-004,L4,,广东金融学院中外联合培养2+2/3+1国际项目,广东金融学院,广东,新南威尔士大学（AU）/蒙纳士大学（AU）/西澳大学（AU）/悉尼科技大学（AU）/贝尔法斯特女王大学（UK）/拉夫堡大学（UK）等,灵活（2+2/3+1/3+0.5+1.5可选）,统招双学位走高考志愿；非统招单学位为计划外自主招生,"国内约30,000-50,000元/年；澳英按合作院校标准",统招获双学位；计划外仅获外方学位（均可申中留服认证）,,校际自主跨境项目,,,medium,双学位项目为统招，风险低；计划外单学位模式风险高，需区分,教育部涉外监管信息网|中留服项目名单|各校招生简章（公开渠道采集，非官方排名）,灵活,dual
NM-4-GD-005,L4,,广东金融学院国际本科2+2,广东金融学院,广东,英国/澳洲/新加坡/美国多所大学,2+2,自主招生（不看高考成绩）,"¥58,800",海外大学学士学位（需中留服认证）,,校际自主跨境项目,,,high,非MOE备案校际项目。需确认：1)对接的海外大学是否在中留服认证名单内 2)国内阶段学分是否被海外大学认可 3)出国阶段费用另计。无中方学位。,教育部涉外监管信息网|中留服项目名单|各校招生简章（公开渠道采集，非官方排名）,2+2,single
NM-4-GD-006,L4,,广州大学新马留学预备课程,广州大学,广东,马来亚大学、蒙纳士大学马来西亚校区、诺丁汉大学马来西亚校区、新加坡国立大学、新加坡管理学院SIM、KAPLAN、PSB学院等（MY/SG）,1+2/3/4（灵活）,自主招生（高考本科线/英语及格/雅思4可免笔试，否则笔试+面试）,"¥98,000~¥158,000/年",广州大学非学历教育结业证书 + 海外大学学士学位（需中留服认证）,,校际自主跨境项目,,,high,广州大学教师培训学院（继续教育学院）主办的非学历教育培训项目，与外部教育机构（澳中博雅/国炬教育）合作运营，结业证书非学历证明；国内阶段仅语言+预科培训，无任何学位；海外学位需中留服认证，须确认境外学习时长（2026政策本科境外≥180天）及衔接院校认证名单。,教育部涉外监管信息网|中留服项目名单|各校招生简章（公开渠道采集，非官方排名）,1+N,other
NM-4-GD-007,L4,,星海音乐学院国际本科2+2,星海音乐学院,广东,英国多所合作艺术院校,2+2,计划外自主招生：线上英语考试+线上/线下专业考试（需提交作品集+面试）,"国内88,000元/年；英国学费按合作院校标准",英方大学学士学位（可申请中留服认证）,,校际自主跨境项目,,,high,"计划外项目,无星海音乐学院学位;艺术类专业就业面窄;录取率96%但需IELTS达标才能出国",教育部涉外监管信息网|中留服项目名单|各校招生简章（公开渠道采集，非官方排名）,2+2,other
NM-4-GD-008,L4,,暨南大学国际本科2+2,暨南大学,广东,英国/澳洲/新西兰/美国多所大学,2+2,自主招生（不看高考成绩）,"¥75,000",海外大学学士学位（需中留服认证）,,校际自主跨境项目,,,high,非MOE备案校际项目。需确认：1)对接的海外大学是否在中留服认证名单内 2)国内阶段学分是否被海外大学认可 3)出国阶段费用另计。无中方学位。,教育部涉外监管信息网|中留服项目名单|各校招生简章（公开渠道采集，非官方排名）,2+2,single
NM-4-GD-009,L4,,深圳大学国际本科2+2,深圳大学,广东,英国/澳洲多所大学,2+2,自主招生（不看高考成绩）,"¥68,000",海外大学学士学位（需中留服认证）,,校际自主跨境项目,,,high,非MOE备案校际项目。需确认：1)对接的海外大学是否在中留服认证名单内 2)国内阶段学分是否被海外大学认可 3)出国阶段费用另计。无中方学位。,教育部涉外监管信息网|中留服项目名单|各校招生简章（公开渠道采集，非官方排名）,2+2,single
NM-4-GS-001,L4,,甘肃农业大学国际教育学院2+2双文凭项目,甘肃农业大学,甘肃,美国伊利诺伊大学香槟分校（UIUC）/马来西亚博特拉大学等多国合作大学,2+2,二次招生（面向甘肃农业大学正式录取学生）,见招生简章,外方学士学位 + 甘肃农业大学学士学位（可申中留服认证）,,校际自主跨境项目,,,high,校际自主跨境项目（国际教育学院主办），非MOE备案中外合作办学。与UIUC等世界名校直接签署2+2协议，中外双文凭。来源：cie.gsau.edu.cn + gsau.edu.cn/info/1278/2579.htm（UIUC合作协议）,教育部涉外监管信息网|中留服项目名单|各校招生简章（公开渠道采集，非官方排名）,2+2,dual
NM-4-GX-001,L4,,广西大学继续教育学院2+2出国本科项目,广西大学,广西,詹姆斯库克大学（新加坡校区）/德蒙福特大学/纽约州立大学奥斯威戈分校/德布勒森大学等多国合作大学,2+2,自主招生（计划外，校考面试；免试条件：高考本科线+英语≥90分或英语≥110分）,"¥35,000",海外大学学士学位（可申中留服认证）,,校际自主跨境项目,,,high,学校自签跨境项目（继续教育学院举办），计划外办学项目。211/双一流高校。仅外方学位（广西大学不颁发学历学位），中留服认证需事后申请。来源：m.86gaokao.com/html/204/204058.html（广西大学2+2报名条件）+ gxu.edu.cn,教育部涉外监管信息网|中留服项目名单|各校招生简章（公开渠道采集，非官方排名）,2+2,single
NM-4-GZ-001,L4,,贵州大学继续教育学院2+2国际本科,贵州大学,贵州,英国赫瑞瓦特大学/考文垂大学/伯明翰城市大学/哈德斯菲尔德大学/中央兰开夏大学/桑德兰大学，美国北亚利桑那大学/南伊利诺伊大学，澳大利亚中央昆士兰大学，泰国商会大学/斯坦福国际大学/西那瓦国际大学，马来西亚英迪国际大学/拉曼大学/精英大学等,2+2,自主招生（计划外，校考：英语笔试+面试，不看高考成绩）,"¥47,800",海外大学学士学位（可申中留服认证）+ 贵州大学结业证书,,校际自主跨境项目,,,high,学校自签跨境项目（继续教育学院举办），无MOE前置备案，仅外方学位，中留服认证需事后申请。211/双一流高校。来源：cce.gzu.edu.cn（贵州大学继续教育学院）+ liuxue114.com/gzdx 项目描述,教育部涉外监管信息网|中留服项目名单|各校招生简章（公开渠道采集，非官方排名）,2+2,single
NM-4-HA-001,L4,,河南财经政法大学国际本科2+2,河南财经政法大学,河南,澳大利亚莫纳什大学/英国/俄罗斯南联邦大学等多国合作大学,2+2/1+3,自主招生（计划外，河南财经政法大学不颁发学历学位）,"¥36,800",海外大学学士学位（可申中留服认证）,,校际自主跨境项目,,,high,"学校自签跨境项目,无MOE/中留服前置备案,仅外方学位,中留服认证需事后申请。河南省特色骨干大学。多国多校多语种多专业升学。",教育部涉外监管信息网|中留服项目名单|各校招生简章（公开渠道采集，非官方排名）,2+2,single
NM-4-HB-001,L4,,中国地质大学(武汉)中韩2+2国际本科,中国地质大学（武汉）,湖北,又石大学（KR）,2+2,计划外自主招生：笔试+面试；文理科需达本科线+英语及格；艺术/体育特长优先（120人限额）,"国内约45,000元/年；韩国学费约4-6万/年",又石大学学士学位（可申请中留服认证）,,校际自主跨境项目,,,high,"计划外项目,无地大学位;韩国合作院校知名度有限;120人限额竞争激烈",教育部涉外监管信息网|中留服项目名单|各校招生简章（公开渠道采集，非官方排名）,2+2,other
NM-4-HE-001,L4,,河北工业大学国际本科2+2（英澳名校）,河北工业大学,河北,英国兰卡斯特大学/埃克塞特大学/约克大学/萨塞克斯大学等，澳大利亚南澳大学/昆士兰科技大学/迪肯大学/伍伦贡大学等，新加坡科廷大学/JCU等,2+2,自主招生（计划外，不看高考成绩）,"¥49,000",海外大学学士学位（可申中留服认证）,,校际自主跨境项目,,,high,"学校自签跨境项目,无MOE/中留服前置备案,仅外方学位,中留服认证需事后申请。河北工业大学继续教育学院举办,211高校。中外课程衔接互通,学分互认。",教育部涉外监管信息网|中留服项目名单|各校招生简章（公开渠道采集，非官方排名）,2+2,single
NM-4-HI-001,L4,,海南大学国际教育学院2+2国际本科,海南大学,海南,爱尔兰都柏林理工大学/美国亚利桑那州立大学/美国特洛伊大学等多国合作大学,2+2,自主招生（计划外，资格审核或面试）,"¥48,000",海外大学学士学位（可申中留服认证）,,校际自主跨境项目,,,high,学校自签跨境项目（国际教育学院举办），与爱尔兰都柏林理工大学/美国亚利桑那州立大学等签署合作协议。211/双一流高校。计划外招生，仅外方学位（注：中美合作项目可选双学位），中留服认证需事后申请。来源：hainanu.edu.cn + news.hainanu.edu.cn/info/1011/17298.htm,教育部涉外监管信息网|中留服项目名单|各校招生简章（公开渠道采集，非官方排名）,2+2,dual
NM-4-HL-001,L4,,哈尔滨剑桥学院国际本科2+2（太平洋国立大学）,哈尔滨剑桥学院,黑龙江,俄罗斯太平洋国立大学,2+2,自主招生（计划外，校内综合测评+面谈）,"¥35,800",俄罗斯太平洋国立大学学士学位（可申中留服认证）,,校际自主跨境项目,,,high,"学校自签跨境项目,无MOE/中留服前置备案,仅外方学位,中留服认证需事后申请。民办本科院校,俄罗斯方向留学成本较低。出国后俄方学费约19000~22000元/年。",教育部涉外监管信息网|中留服项目名单|各校招生简章（公开渠道采集，非官方排名）,2+2,single
NM-4-HN-001,L4,,湖南大学远程与继续教育学院2+2国际本科,湖南大学,湖南,澳大利亚蒙纳士大学（QS37）/西澳大学（QS77）/阿德莱德大学（QS82）/纽卡斯尔大学/英国萨塞克斯大学/斯旺西大学/加拿大约克大学/新西兰梅西大学等20余所,2+2（也可选1+3）,自主招生（计划外，面试+笔试；免笔试条件：高考本科线+英语≥95分/雅思5.5/托福61）,见招生简章,海外大学学士学位（可申中留服认证）,,校际自主跨境项目,,,high,学校自签跨境项目（远程与继续教育学院/出国留学培训基地举办），学分豁免最高1/3。985/双一流高校。与国外大学直接签署学分豁免协议。仅外方学位，中留服认证需事后申请。来源：miea.hnu.edu.cn,教育部涉外监管信息网|中留服项目名单|各校招生简章（公开渠道采集，非官方排名）,2+2,single
NM-4-JL-001,L4,,吉林外国语大学国际本科2+2,吉林外国语大学,吉林,韩国外国语大学/日本冈山大学/法国雷恩高等商学院/西班牙巴塞罗那自治大学/新西兰梅西大学等20余国高校,2+2（也可选3+1）,自主招生（计划外，继续教育学院统一管理，校内考核+面试）,见招生简章,海外大学学士学位（可申中留服认证）,,校际自主跨境项目,,,high,学校自签跨境项目，无MOE/中留服前置备案，仅外方学位，中留服认证需事后申请。吉林省重点高校（民办），以外语为特色。继续教育学院举办。来源：jisu.edu.cn（吉林省重点高校）+ jibs.jisu.edu.cn,教育部涉外监管信息网|中留服项目名单|各校招生简章（公开渠道采集，非官方排名）,2+2,single
NM-4-JS-001,L4,,南京大学国际本科2+2,南京大学,江苏,英国/澳洲多所大学,2+2,自主招生,"¥80,000",海外大学学士学位（需中留服认证）,,校际自主跨境项目,,,high,985名校背书，但项目为非MOE备案。无中方学位。,教育部涉外监管信息网|中留服项目名单|各校招生简章（公开渠道采集，非官方排名）,2+2,single
NM-4-JS-002,L4,,苏州大学国际培训学院2+2国际本科,苏州大学,江苏,昆士兰大学（AU QS40专项班）/悉尼科技大学/约克（UK）/埃克塞特/贝尔法斯特女王（UK）/创意艺术大学等19所,2+2（学分豁免）,计划外自主招生：笔试(英语+学业水平)+面试+心理测试；高考达重点线/英语60%可免笔试,"国内79,800元/年+留学指导12,000元；国外按合作院校标准",外方学士学位（可申请中留服学历认证），享苏大校友资源,,校际自主跨境项目,,,high,校际自签跨境项目，江苏省唯一中留服培训基地，无MOE项目备案，仅外方学位，认证需事后申请,教育部涉外监管信息网|中留服项目名单|各校招生简章（公开渠道采集，非官方排名）,2+2,single
NM-4-JX-001,L4,,华东交通大学-泰国东方皇家理工1+3国际本科,华东交通大学,江西,泰国东方皇家理工大学（TH）,灵活（1+3）,计划外自主招生：高考达本科线+英语90分或校考合格（80名限额）,"国内培训+学籍管理约98,800元/年；泰国学费3.5-6万/年",泰国东方皇家理工大学学士学位（可申请中留服认证）,,校际自主跨境项目,,,high,计划外项目，无华东交大学位；泰国院校认可度低；国内费用实际近10万/年；1+3过渡短,教育部涉外监管信息网|中留服项目名单|各校招生简章（公开渠道采集，非官方排名）,灵活,other
NM-4-JX-002,L4,,华东交通大学国际本科2+2,华东交通大学,江西,英国/澳洲多所大学,2+2,自主招生,"¥49,800",海外大学学士学位（需中留服认证）,,校际自主跨境项目,,,high,交通特色高校。校际合作项目，费用低。无中方学位。,教育部涉外监管信息网|中留服项目名单|各校招生简章（公开渠道采集，非官方排名）,2+2,single
NM-4-JX-003,L4,,南昌大学国际本科2+2,南昌大学,江西,英国/美国/澳洲多所大学,2+2,自主招生,"¥55,000",海外大学学士学位（需中留服认证）,,校际自主跨境项目,,,high,211高校。校际合作项目，费用相对较低。无中方学位。,教育部涉外监管信息网|中留服项目名单|各校招生简章（公开渠道采集，非官方排名）,2+2,single
NM-4-JX-004,L4,,赣南师范大学-JCU新加坡校区1+2国际本科,赣南师范大学,江西,詹姆斯库克大学新加坡校区（AU）,灵活（1+2）,计划外自主招生：高考英语90分以上或通过校内英语测试,"国内46,000元/年（1年）；JCU新加坡总学费约S$68,800（约37万/2年）",澳洲詹姆斯库克大学学士学位（可申请中留服认证）,,校际自主跨境项目,,,high,计划外项目，无赣南师大学位；1+2模式语言压力大；海外分校认知度低；中留服事后认证,教育部涉外监管信息网|中留服项目名单|各校招生简章（公开渠道采集，非官方排名）,灵活,other
NM-4-LN-001,L4,,大连大学-俄白方向2+2国际本科项目,大连大学,辽宁,伏尔加格勒国立师范大学（RU）/白俄罗斯国立文化艺术大学/莫斯科国立师范大学,2+2,计划外自主招生：学校面试择优录取（含应往届高中及3年中专毕业生）,"国内34,800元/年（艺术类49,800）；国外学费约2-5万/年",俄罗斯/白俄罗斯合作院校学士学位（可申请中留服认证）,,校际自主跨境项目,,,high,计划外项目，无大连大学学位；俄白学位国内认可度低；语言门槛高；地缘政治风险,教育部涉外监管信息网|中留服项目名单|各校招生简章（公开渠道采集，非官方排名）,2+2,other
NM-4-NM-001,L4,,内蒙古农业大学2+2双文凭国际班,内蒙古农业大学,内蒙古,加拿大阿尔伯塔大学（QS96）/新西兰梅西大学（QS239）/爱尔兰国立科克大学/蒙古国生命科学大学,2+2,二次招生（面向内蒙古农业大学大一新生，计划外转入国际班）,见招生简章,外方学士学位 + 内蒙古农业大学学士学位（可申中留服认证）,,校际自主跨境项目,,,high,校际自主跨境项目（国际教育学院自2005年起举办），非MOE备案中外合作办学，学生二次招生转入。中外双文凭，外方学位可认证。来源：gjjyxy.imau.edu.cn/info/1070/2828.htm（2024年招生简章）,教育部涉外监管信息网|中留服项目名单|各校招生简章（公开渠道采集，非官方排名）,2+2,dual
NM-4-SC-001,L4,,电子科技大学工程商学国际学分课程（2.5+1/1.5+2）,电子科技大学,四川,英国/澳洲/新加坡/瑞士多所大学,灵活（2.5+1或1.5+2）,自主招生,"¥68,000",海外大学学士学位（需中留服认证）,,校际自主跨境项目,,,high,985高校。非传统2+2，提供2.5+1和1.5+2两种弹性路径。需根据入学时英语水平选择路径。无中方学位。,教育部涉外监管信息网|中留服项目名单|各校招生简章（公开渠道采集，非官方排名）,灵活,single
NM-4-SC-002,L4,,西南财经大学出国留学预备学院2+2,西南财经大学,四川,澳国立（AU QS30）/蒙纳士（QS37）/昆士兰（QS40）/阿德莱德/UTS/兰卡斯特（UK）/罗格斯（US）/约克（CA）等,2+2,计划外自主招生：校方测试；高考达本科线+英语90/雅思5.5可免笔试,"大一89,800元，大二79,800元；国外约20-25万/年",外方学士学位（可申请中留服学历认证），享西财校友身份,,校际自主跨境项目,,,high,校际自签跨境项目，2009年起运营，无MOE项目备案，仅外方学位，认证需事后申请,教育部涉外监管信息网|中留服项目名单|各校招生简章（公开渠道采集，非官方排名）,2+2,single
NM-4-SD-001,L4,,临沂大学克莱蒙高等商学院2+2国际管理学,临沂大学,山东,法国克莱蒙高等商学院（AACSB/AMBA/EFMD三重认证）,2+2,自主招生（计划外，每学年30人）,见招生简章,法国克莱蒙高等商学院学士学位（可申中留服认证）,,校际自主跨境项目,,,high,"学校自签跨境项目,无MOE/中留服前置备案,仅外方学位,中留服认证需事后申请。临沂大学商学院与法国精英商学院直接签约,克莱蒙高商豁免国内学分（不超过1/3）,英语授课。",教育部涉外监管信息网|中留服项目名单|各校招生简章（公开渠道采集，非官方排名）,2+2,single
NM-4-SD-002,L4,,哈工大(威海)国际教育学院2+2/1+3国际本科,哈尔滨工业大学（威海）,山东,曼彻斯特（UK）/布里斯托/伯明翰/利兹/杜伦/谢菲尔德/新南威尔士（AU）/西澳大学/奥克兰（NZ）/阿尔伯塔（CA）等,灵活（2+2或1+3可选）,计划外自主招生：英语测试+面试；高考英语120+/雅思5.0可免英语笔试,"国内69,800元/年；国外按合作院校标准",外方学士学位（可申请中留服学历认证）,,校际自主跨境项目,,,high,校际自签跨境项目，C9高校品牌，无MOE项目备案，仅外方学位，认证需事后申请,教育部涉外监管信息网|中留服项目名单|各校招生简章（公开渠道采集，非官方排名）,灵活,single
NM-4-SH-001,L4,,上海外国语大学1+3国际预科,上海外国语大学,上海,英国/澳洲/新西兰/美国/加拿大等,1+3,自主招生（不看高考成绩）,"¥88,000",海外大学学士学位（需中留服认证）,,校际自主跨境项目,,,high,非MOE备案校际项目。需确认：1)对接的海外大学是否在中留服认证名单内 2)国内阶段学分是否被海外大学认可 3)出国阶段费用另计。无中方学位。,教育部涉外监管信息网|中留服项目名单|各校招生简章（公开渠道采集，非官方排名）,1+N,single
NM-4-SH-002,L4,,上海戏剧学院艺术留学3+1/2+2项目,上海戏剧学院,上海,考文垂大学（UK）,灵活（3+1或2+2可选）,计划外自主招生：入学测试（需IELTS 5.5+），有美术/艺术基础,"国内70,000元/年+海外学分USD 9,350/年；英国学费按考文垂大学标准",考文垂大学学士学位（可申请中留服认证）,,校际自主跨境项目,,,high,"计划外项目,无上戏学位;需雅5.5才能入学;海外学分由第三方Concordia学院收取;3+1模式需自费报读开放大学大专",教育部涉外监管信息网|中留服项目名单|各校招生简章（公开渠道采集，非官方排名）,灵活,other
NM-4-SH-003,L4,,东华大学继续教育学院2+2国际本科,东华大学,上海,东安格利亚大学（UK）/萨里大学/纽卡斯尔大学（AU）/梅西大学（NZ）/新加坡管理学院,2+2,计划外自主招生：免高考，校方笔试+面试,"商科/艺术78,000元/年，计算机82,000元/年",外方学士学位（可申请中留服学历认证）,,校际自主跨境项目,,,high,校际自签跨境项目，无MOE/中留服前置备案，仅外方学位，中留服认证需事后申请,教育部涉外监管信息网|中留服项目名单|各校招生简章（公开渠道采集，非官方排名）,2+2,single
NM-4-SH-004,L4,,华东师范大学-麦考瑞大学2+2国际本科,华东师范大学,上海,麦考瑞大学（AU）,2+2,计划外自主招生：校考笔试+面试，或高考达本省本科线+英语110分免笔试,"国内商科78,000元/年，计算机82,000元/年；国外AUD 40,000-45,000/年",麦考瑞大学学士学位（可申请中留服认证）,,校际自主跨境项目,,,high,计划外项目，无华东师大学位；衔接需均分60-75+雅思6.5；中留服事后认证,教育部涉外监管信息网|中留服项目名单|各校招生简章（公开渠道采集，非官方排名）,2+2,other
NM-4-SN-001,L4,,西北政法大学计划外2+2国际本科,西北政法大学,陕西,萨里大学（UK）/埃塞克斯大学（UK）/考文垂大学（UK）/悉尼科技大学（AU）/约克大学（CA）/詹姆斯库克大学新加坡等,2+2,计划外自主招生：校考笔试+面试；高考达本科线+英语90分以上免笔试,"国内约45,000-55,000元/年；萨里大学约22,000/年",外方大学学士学位（可申请中留服认证）,,校际自主跨境项目,,,high,计划外项目，无西北政法大学学位；合作院校层次分化（萨里QS前250 vs 哈德斯菲尔德 QS 500+），择校需审慎,教育部涉外监管信息网|中留服项目名单|各校招生简章（公开渠道采集，非官方排名）,2+2,other
NM-4-SX-001,L4,,太原理工大学国际本科2+2,太原理工大学,山西,英国莱斯特大学/伯明翰大学/罗素大学集团等，澳洲八校联盟，美国TOP50/加拿大TOP10/新西兰TOP5多所合作大学,2+2（也可选1+3/3+1）,自主招生（计划外，校考：笔试+英语口语测试+面试；免笔试条件：高考二本线+30分或英语≥100分或雅思5/托福60）,"¥39,800",海外大学学士学位（可申中留服认证）,,校际自主跨境项目,,,high,学校自签跨境项目（太原理工大学国际教育交流学院与北京环球优一爱教育科技联合研发），无MOE/中留服前置备案，仅外方学位，中留服认证需事后申请。211/双一流高校。来源：ciee.tyut.edu.cn（国际教育交流学院）,教育部涉外监管信息网|中留服项目名单|各校招生简章（公开渠道采集，非官方排名）,2+2,single
NM-4-TJ-001,L4,,天津工业大学国际本科教育培训2+2~3,天津工业大学,天津,英国/澳大利亚/新西兰/新加坡/马来西亚多所合作大学,2+2~3,自主招生（计划外，非国内统招）,"¥75,000",海外大学学士学位（可申中留服认证）,,校际自主跨境项目,,,high,"学校自签跨境项目,无MOE/中留服前置备案,仅外方学位,中留服认证需事后申请。天津工业大学继续教育学院举办。",教育部涉外监管信息网|中留服项目名单|各校招生简章（公开渠道采集，非官方排名）,2+2,single
NM-4-YN-001,L4,,云南大学国际学院2+2国际本科,云南大学,云南,泰国清迈大学/美国密歇根理工大学/英国思克莱德大学/加拿大维多利亚大学/新西兰怀卡托大学/英国赫瑞瓦特大学等,2+2（计划外方向：出国留学培训基地）,自主招生（计划外，高考二本线+英语≥90分/雅思4.5/托福61免笔试，否则参加英语考试）,"¥50,000",海外大学学士学位（可申中留服认证）,,校际自主跨境项目,,,high,学校自签跨境项目（国际学院/出国留学培训基地举办），与新西兰怀卡托大学等有课程互认协议。211/双一流高校。计划外招生，仅外方学位，中留服认证需事后申请。来源：office.ynu.edu.cn/info/1078/1683.htm + www.sie.ynu.edu.cn,教育部涉外监管信息网|中留服项目名单|各校招生简章（公开渠道采集，非官方排名）,2+2,single
NM-4-ZJ-001,L4,,浙江大学国际本科2+2,浙江大学,浙江,英国/澳洲/美国多所大学,2+2,自主招生,"¥90,000",海外大学学士学位（需中留服认证）,,校际自主跨境项目,,,high,顶尖985背书，但项目为非MOE备案。无中方学位。,教育部涉外监管信息网|中留服项目名单|各校招生简章（公开渠道采集，非官方排名）,2+2,single
